日付,曜,中央区1,中央区2,中央区3,中央区4,中央区5,中央区6,豊平区1,豊平区2,豊平区3,豊平区4,清田区1,清田区2,北区1,北区2,北区3,北区4,北区5,北区6,東区1,東区2,東区3,東区4,東区5,東区6,白石区1,白石区2,白石区3,白石区4,厚別区1,厚別区2,厚別区3,厚別区4,南区1,南区2,南区3,南区4,南区5,南区6,南区7,西区1,西区2,西区3,西区4,手稲区1,手稲区2,手稲区3
2025-10-01,水,11,9,8,9,8,11,9,11,8,8,11,9,2,8,9,9,2,8,9,2,8,9,2,8,10,8,9,10,8,10,10,9,8,9,10,8,8,10,9,8,9,10,10,9,8,10
2025-10-02,木,1,1,1,8,11,9,8,9,11,1,1,1,1,1,1,8,9,2,1,1,1,8,9,2,8,9,10,1,1,1,1,1,1,1,1,9,10,8,10,1,1,1,8,10,9,9
2025-10-03,金,9,8,11,1,1,1,1,1,1,9,8,11,8,9,2,1,1,1,8,9,2,1,1,1,1,1,1,9,10,8,9,8,10,8,9,1,1,1,1,10,8,9,1,1,1,1
2025-10-04,土,,,,,,,,,,,,,,,,,,,,,,,,,,,,,,,,,,,,,,,,,,,,,,
2025-10-05,日,,,,,,,,,,,,,,,,,,,,,,,,,,,,,,,,,,,,,,,,,,,,,,
2025-10-06,月,1,1,1,10,9,8,10,8,9,1,1,1,1,1,1,10,8,9,1,1,1,10,8,9,9,11,8,1,1,1,1,1,1,1,1,2,9,9,8,1,1,1,9,8,2,8
2025-10-07,火,8,10,9,1,1,1,1,1,1,10,9,8,9,10,8,1,1,1,10,8,9,1,1,1,1,1,1,8,9,9,8,11,9,2,8,1,1,1,1,9,2,8,1,1,1,1
2025-10-08,水,10,9,8,9,8,10,9,10,8,8,10,9,10,8,9,9,10,8,9,10,8,9,10,8,11,8,9,11,8,11,11,9,8,9,2,8,8,2,9,8,9,2,2,9,8,2
2025-10-09,木,1,1,1,8,10,9,8,9,10,1,1,1,1,1,1,8,9,10,1,1,1,8,9,10,8,9,11,1,1,1,1,1,1,1,1,9,2,8,2,1,1,1,8,2,9,9
2025-10-10,金,9,8,10,1,1,1,1,1,1,9,8,10,8,9,10,1,1,1,8,9,10,1,1,1,1,1,1,9,11,8,9,8,2,8,9,1,1,1,1,2,8,9,1,1,1,1
2025-10-11,土,,,,,,,,,,,,,,,,,,,,,,,,,,,,,,,,,,,,,,,,,,,,,,
2025-10-12,日,,,,,,,,,,,,,,,,,,,,,,,,,,,,,,,,,,,,,,,,,,,,,,
2025-10-13,月,1,1,1,2,9,8,2,8,9,1,1,1,1,1,1,11,8,9,1,1,1,11,8,9,9,10,8,1,1,1,1,1,1,1,1,10,9,9,8,1,1,1,9,8,10,8
2025-10-14,火,8,2,9,1,1,1,1,1,1,2,9,8,9,11,8,1,1,1,11,8,9,1,1,1,1,1,1,8,9,9,8,10,9,10,8,1,1,1,1,9,10,8,1,1,1,1
2025-10-15,水,2,9,8,9,8,2,9,2,8,8,2,9,11,8,9,9,11,8,9,11,8,9,11,8,10,8,9,10,8,10,10,9,8,9,10,8,8,10,9,8,9,10,10,9,8,10
2025-10-16,木,1,1,1,8,2,9,8,9,2,1,1,1,1,1,1,8,9,11,1,1,1,8,9,11,8,9,10,1,1,1,1,1,1,1,1,9,10,8,10,1,1,1,8,10,9,9
2025-10-17,金,9,8,2,1,1,1,1,1,1,9,8,2,8,9,11,1,1,1,8,9,11,1,1,1,1,1,1,9,10,8,9,8,10,8,9,1,1,1,1,10,8,9,1,1,1,1
2025-10-18,土,,,,,,,,,,,,,,,,,,,,,,,,,,,,,,,,,,,,,,,,,,,,,,
2025-10-19,日,,,,,,,,,,,,,,,,,,,,,,,,,,,,,,,,,,,,,,,,,,,,,,
2025-10-20,月,1,1,1,10,9,8,10,8,9,1,1,1,1,1,1,10,8,9,1,1,1,10,8,9,9,2,8,1,1,1,1,1,1,1,1,11,9,9,8,1,1,1,9,8,11,8
2025-10-21,火,8,10,9,1,1,1,1,1,1,10,9,8,9,10,8,1,1,1,10,8,9,1,1,1,1,1,1,8,9,9,8,2,9,11,8,1,1,1,1,9,11,8,1,1,1,1
2025-10-22,水,10,9,8,9,8,10,9,10,8,8,10,9,10,8,9,9,10,8,9,10,8,9,10,8,2,8,9,2,8,2,2,9,8,9,11,8,8,11,9,8,9,11,11,9,8,11
2025-10-23,木,1,1,1,8,10,9,8,9,10,1,1,1,1,1,1,8,9,10,1,1,1,8,9,10,8,9,2,1,1,1,1,1,1,1,1,9,11,8,11,1,1,1,8,11,9,9
2025-10-24,金,9,8,10,1,1,1,1,1,1,9,8,10,8,9,10,1,1,1,8,9,10,1,1,1,1,1,1,9,2,8,9,8,11,8,9,1,1,1,1,11,8,9,1,1,1,1
2025-10-25,土,,,,,,,,,,,,,,,,,,,,,,,,,,,,,,,,,,,,,,,,,,,,,,
2025-10-26,日,,,,,,,,,,,,,,,,,,,,,,,,,,,,,,,,,,,,,,,,,,,,,,
2025-10-27,月,1,1,1,11,9,8,11,8,9,1,1,1,1,1,1,2,8,9,1,1,1,2,8,9,9,10,8,1,1,1,1,1,1,1,1,10,9,9,8,1,1,1,9,8,10,8
2025-10-28,火,8,11,9,1,1,1,1,1,1,11,9,8,9,2,8,1,1,1,2,8,9,1,1,1,1,1,1,8,9,9,8,10,9,10,8,1,1,1,1,9,10,8,1,1,1,1
2025-10-29,水,11,9,8,9,8,11,9,11,8,8,11,9,2,8,9,9,2,8,9,2,8,9,2,8,10,8,9,10,8,10,10,9,8,9,10,8,8,10,9,8,9,10,10,9,8,10
2025-10-30,木,1,1,1,8,11,9,8,9,11,1,1,1,1,1,1,8,9,2,1,1,1,8,9,2,8,9,10,1,1,1,1,1,1,1,1,9,10,8,10,1,1,1,8,10,9,9
2025-10-31,金,9,8,11,1,1,1,1,1,1,9,8,11,8,9,2,1,1,1,8,9,2,1,1,1,1,1,1,9,10,8,9,8,10,8,9,1,1,1,1,10,8,9,1,1,1,1
2025-11-01,土,,,,,,,,,,,,,,,,,,,,,,,,,,,,,,,,,,,,,,,,,,,,,,
2025-11-02,日,,,,,,,,,,,,,,,,,,,,,,,,,,,,,,,,,,,,,,,,,,,,,,
2025-11-03,月,1,1,1,10,9,8,10,8,9,1,1,1,1,1,1,10,8,9,1,1,1,10,8,9,9,11,8,1,1,1,1,1,1,1,1,2,9,9,8,1,1,1,9,8,2,8
2025-11-04,火,8,10,9,1,1,1,1,1,1,10,9,8,9,10,8,1,1,1,10,8,9,1,1,1,1,1,1,8,9,9,8,11,9,2,8,1,1,1,1,9,2,8,1,1,1,1
2025-11-05,水,10,9,8,9,8,10,9,10,8,8,10,9,10,8,9,9,10,8,9,10,8,9,10,8,11,8,9,11,8,11,11,9,8,9,2,8,8,2,9,8,9,2,2,9,8,2
2025-11-06,木,1,1,1,8,10,9,8,9,10,1,1,1,1,1,1,8,9,10,1,1,1,8,9,10,8,9,11,1,1,1,1,1,1,1,1,9,2,8,2,1,1,1,8,2,9,9
2025-11-07,金,9,8,10,1,1,1,1,1,1,9,8,10,8,9,10,1,1,1,8,9,10,1,1,1,1,1,1,9,11,8,9,8,2,8,9,1,1,1,1,2,8,9,1,1,1,1
2025-11-08,土,,,,,,,,,,,,,,,,,,,,,,,,,,,,,,,,,,,,,,,,,,,,,,
2025-11-09,日,,,,,,,,,,,,,,,,,,,,,,,,,,,,,,,,,,,,,,,,,,,,,,
2025-11-10,月,1,1,1,2,9,8,2,8,9,1,1,1,1,1,1,11,8,9,1,1,1,11,8,9,9,10,8,1,1,1,1,1,1,1,1,10,9,9,8,1,1,1,9,8,10,8
2025-11-11,火,8,2,9,1,1,1,1,1,1,2,9,8,9,11,8,1,1,1,11,8,9,1,1,1,1,1,1,8,9,9,8,10,9,10,8,1,1,1,1,9,10,8,1,1,1,1
2025-11-12,水,2,9,8,9,8,2,9,2,8,8,2,9,11,8,9,9,11,8,9,11,8,9,11,8,10,8,9,10,8,10,10,9,8,9,10,8,8,10,9,8,9,10,10,9,8,10
2025-11-13,木,1,1,1,8,2,9,8,9,2,1,1,1,1,1,1,8,9,11,1,1,1,8,9,11,8,9,10,1,1,1,1,1,1,1,1,9,10,8,10,1,1,1,8,10,9,9
2025-11-14,金,9,8,2,1,1,1,1,1,1,9,8,2,8,9,11,1,1,1,8,9,11,1,1,1,1,1,1,9,10,8,9,8,10,8,9,1,1,1,1,10,8,9,1,1,1,1
2025-11-15,土,,,,,,,,,,,,,,,,,,,,,,,,,,,,,,,,,,,,,,,,,,,,,,
2025-11-16,日,,,,,,,,,,,,,,,,,,,,,,,,,,,,,,,,,,,,,,,,,,,,,,
2025-11-17,月,1,1,1,10,9,8,10,8,9,1,1,1,1,1,1,10,8,9,1,1,1,10,8,9,9,2,8,1,1,1,1,1,1,1,1,11,9,9,8,1,1,1,9,8,11,8
2025-11-18,火,8,10,9,1,1,1,1,1,1,10,9,8,9,10,8,1,1,1,10,8,9,1,1,1,1,1,1,8,9,9,8,2,9,11,8,1,1,1,1,9,11,8,1,1,1,1
2025-11-19,水,10,9,8,9,8,10,9,10,8,8,10,9,10,8,9,9,10,8,9,10,8,9,10,8,2,8,9,2,8,2,2,9,8,9,11,8,8,11,9,8,9,11,11,9,8,11
2025-11-20,木,1,1,1,8,10,9,8,9,10,1,1,1,1,1,1,8,9,10,1,1,1,8,9,10,8,9,2,1,1,1,1,1,1,1,1,9,11,8,11,1,1,1,8,11,9,9
2025-11-21,金,9,8,10,1,1,1,1,1,1,9,8,10,8,9,10,1,1,1,8,9,10,1,1,1,1,1,1,9,2,8,9,8,11,8,9,1,1,1,1,11,8,9,1,1,1,1
2025-11-22,土,,,,,,,,,,,,,,,,,,,,,,,,,,,,,,,,,,,,,,,,,,,,,,
2025-11-23,日,,,,,,,,,,,,,,,,,,,,,,,,,,,,,,,,,,,,,,,,,,,,,,
2025-11-24,月,1,1,1,11,9,8,11,8,9,1,1,1,1,1,1,2,8,9,1,1,1,2,8,9,9,10,8,1,1,1,1,1,1,1,1,10,9,9,8,1,1,1,9,8,10,8
2025-11-25,火,8,11,9,1,1,1,1,1,1,11,9,8,9,2,8,1,1,1,2,8,9,1,1,1,1,1,1,8,9,9,8,10,9,10,8,1,1,1,1,9,10,8,1,1,1,1
2025-11-26,水,11,9,8,9,8,11,9,11,8,8,11,9,2,8,9,9,2,8,9,2,8,9,2,8,10,8,9,10,8,10,10,9,8,9,10,8,8,10,9,8,9,10,10,9,8,10
2025-11-27,木,1,1,1,8,11,9,8,9,11,1,1,1,1,1,1,8,9,2,1,1,1,8,9,2,8,9,10,1,1,1,1,1,1,1,1,9,10,8,10,1,1,1,8,10,9,9
2025-11-28,金,9,8,11,1,1,1,1,1,1,9,8,11,8,9,2,1,1,1,8,9,2,1,1,1,1,1,1,9,10,8,9,8,10,8,9,1,1,1,1,10,8,9,1,1,1,1
2025-11-29,土,,,,,,,,,,,,,,,,,,,,,,,,,,,,,,,,,,,,,,,,,,,,,,
2025-11-30,日,,,,,,,,,,,,,,,,,,,,,,,,,,,,,,,,,,,,,,,,,,,,,,
2025-12-01,月,1,1,1,10,9,8,10,8,9,1,1,1,1,1,1,10,8,9,1,1,1,10,8,9,9,11,8,1,1,1,1,1,1,1,1,2,9,9,8,1,1,1,9,8,2,8
2025-12-02,火,8,10,9,1,1,1,1,1,1,10,9,8,9,10,8,1,1,1,10,8,9,1,1,1,1,1,1,8,9,9,8,11,9,2,8,1,1,1,1,9,2,8,1,1,1,1
2025-12-03,水,10,9,8,9,8,10,9,10,8,8,10,9,10,8,9,9,10,8,9,10,8,9,10,8,11,8,9,11,8,11,11,9,8,9,2,8,8,2,9,8,9,2,2,9,8,2
2025-12-04,木,1,1,1,8,10,9,8,9,10,1,1,1,1,1,1,8,9,10,1,1,1,8,9,10,8,9,11,1,1,1,1,1,1,1,1,9,2,8,2,1,1,1,8,2,9,9
2025-12-05,金,9,8,10,1,1,1,1,1,1,9,8,10,8,9,10,1,1,1,8,9,10,1,1,1,1,1,1,9,11,8,9,8,2,8,9,1,1,1,1,2,8,9,1,1,1,1
2025-12-06,土,,,,,,,,,,,,,,,,,,,,,,,,,,,,,,,,,,,,,,,,,,,,,,
2025-12-07,日,,,,,,,,,,,,,,,,,,,,,,,,,,,,,,,,,,,,,,,,,,,,,,
2025-12-08,月,1,1,1,2,9,8,2,8,9,1,1,1,1,1,1,11,8,9,1,1,1,11,8,9,9,10,8,1,1,1,1,1,1,1,1,10,9,9,8,1,1,1,9,8,10,8
2025-12-09,火,8,2,9,1,1,1,1,1,1,2,9,8,9,11,8,1,1,1,11,8,9,1,1,1,1,1,1,8,9,9,8,10,9,10,8,1,1,1,1,9,10,8,1,1,1,1
2025-12-10,水,2,9,8,9,8,2,9,2,8,8,2,9,11,8,9,9,11,8,9,11,8,9,11,8,10,8,9,10,8,10,10,9,8,9,10,8,8,10,9,8,9,10,10,9,8,10
2025-12-11,木,1,1,1,8,2,9,8,9,2,1,1,1,1,1,1,8,9,0,1,1,1,8,9,0,8,9,10,1,1,1,1,1,1,1,1,9,10,8,10,1,1,1,8,10,9,9
2025-12-12,金,9,8,2,1,1,1,1,1,1,9,8,2,8,9,0,1,1,1,8,9,0,1,1,1,1,1,1,9,10,8,9,8,10,8,9,1,1,1,1,10,8,9,1,1,1,1
2025-12-13,土,,,,,,,,,,,,,,,,,,,,,,,,,,,,,,,,,,,,,,,,,,,,,,
2025-12-14,日,,,,,,,,,,,,,,,,,,,,,,,,,,,,,,,,,,,,,,,,,,,,,,
2025-12-15,月,1,1,1,10,9,8,10,8,9,1,1,1,1,1,1,10,8,9,1,1,1,10,8,9,9,2,8,1,1,1,1,1,1,1,1,0,9,9,8,1,1,1,9,8,0,8
2025-12-16,火,8,10,9,1,1,1,1,1,1,10,9,8,9,10,8,1,1,1,10,8,9,1,1,1,1,1,1,8,9,9,8,2,9,0,8,1,1,1,1,9,0,8,1,1,1,1
2025-12-17,水,10,9,8,9,8,10,9,10,8,8,10,9,10,8,9,9,10,8,9,10,8,9,10,8,2,8,9,2,8,2,2,9,8,9,0,8,8,0,9,8,9,0,0,9,8,0
2025-12-18,木,1,1,1,8,10,9,8,9,10,1,1,1,1,1,1,8,9,10,1,1,1,8,9,10,8,9,2,1,1,1,1,1,1,1,1,9,0,8,0,1,1,1,8,0,9,9
2025-12-19,金,9,8,10,1,1,1,1,1,1,9,8,10,8,9,10,1,1,1,8,9,10,1,1,1,1,1,1,9,2,8,9,8,0,8,9,1,1,1,1,0,8,9,1,1,1,1
2025-12-20,土,,,,,,,,,,,,,,,,,,,,,,,,,,,,,,,,,,,,,,,,,,,,,,
2025-12-21,日,,,,,,,,,,,,,,,,,,,,,,,,,,,,,,,,,,,,,,,,,,,,,,
2025-12-22,月,1,1,1,0,9,8,0,8,9,1,1,1,1,1,1,2,8,9,1,1,1,2,8,9,9,10,8,1,1,1,1,1,1,1,1,10,9,9,8,1,1,1,9,8,10,8
2025-12-23,火,8,0,9,1,1,1,1,1,1,0,9,8,9,2,8,1,1,1,2,8,9,1,1,1,1,1,1,8,9,9,8,10,9,10,8,1,1,1,1,9,10,8,1,1,1,1
2025-12-24,水,0,9,8,9,8,0,9,0,8,8,0,9,2,8,9,9,2,8,9,2,8,9,2,8,10,8,9,10,8,10,10,9,8,9,10,8,8,10,9,8,9,10,10,9,8,10
2025-12-25,木,1,1,1,8,0,9,8,9,0,1,1,1,1,1,1,8,9,2,1,1,1,8,9,2,8,9,10,1,1,1,1,1,1,1,1,9,10,8,10,1,1,1,8,10,9,9
2025-12-26,金,9,8,0,1,1,1,1,1,1,9,8,0,8,9,2,1,1,1,8,9,2,1,1,1,1,1,1,9,10,8,9,8,10,8,9,1,1,1,1,10,8,9,1,1,1,1
2025-12-27,土,,,,,,,,,,,,,,,,,,,,,,,,,,,,,,,,,,,,,,,,,,,,,,
2025-12-28,日,,,,,,,,,,,,,,,,,,,,,,,,,,,,,,,,,,,,,,,,,,,,,,
2025-12-29,月,1,1,1,10,9,8,10,8,9,1,1,1,1,1,1,10,8,9,1,1,1,10,8,9,9,0,8,1,1,1,1,1,1,1,1,2,9,9,8,1,1,1,9,8,2,8
2025-12-30,火,8,10,9,1,1,1,1,1,1,10,9,8,9,10,8,1,1,1,10,8,9,1,1,1,1,1,1,8,9,9,8,0,9,2,8,1,1,1,1,9,2,8,1,1,1,1
2025-12-31,水,,,,,,,,,,,,,,,,,,,,,,,,,,,,,,,,,,,,,,,,,,,,,,
2026-01-01,木,,,,,,,,,,,,,,,,,,,,,,,,,,,,,,,,,,,,,,,,,,,,,,
2026-01-02,金,,,,,,,,,,,,,,,,,,,,,,,,,,,,,,,,,,,,,,,,,,,,,,
2026-01-03,土,,,,,,,,,,,,,,,,,,,,,,,,,,,,,,,,,,,,,,,,,,,,,,
2026-01-04,日,,,,,,,,,,,,,,,,,,,,,,,,,,,,,,,,,,,,,,,,,,,,,,
2026-01-05,月,1,1,1,,9,8,,8,9,1,1,1,1,1,1,,8,9,1,1,1,,8,9,9,0,8,1,1,1,1,1,1,1,1,,9,9,8,1,1,1,9,8,,8
2026-01-06,火,8,,9,1,1,1,1,1,1,,9,8,9,,8,1,1,1,,8,9,1,1,1,1,1,1,8,9,9,8,0,9,,8,1,1,1,1,9,,8,1,1,1,1
2026-01-07,水,10,9,8,9,8,10,9,10,8,8,10,9,10,8,9,9,10,8,9,10,8,9,10,8,0,8,9,0,8,0,0,9,8,9,2,8,8,2,9,8,9,2,2,9,8,2
2026-01-08,木,1,1,1,8,10,9,8,9,10,1,1,1,1,1,1,8,9,10,1,1,1,8,9,10,8,9,0,1,1,1,1,1,1,1,1,9,2,8,2,1,1,1,8,2,9,9
2026-01-09,金,9,8,10,1,1,1,1,1,1,9,8,10,8,9,10,1,1,1,8,9,10,1,1,1,1,1,1,9,0,8,9,8,2,8,9,1,1,1,1,2,8,9,1,1,1,1
2026-01-10,土,,,,,,,,,,,,,,,,,,,,,,,,,,,,,,,,,,,,,,,,,,,,,,
2026-01-11,日,,,,,,,,,,,,,,,,,,,,,,,,,,,,,,,,,,,,,,,,,,,,,,
2026-01-12,月,1,1,1,2,9,8,2,8,9,1,1,1,1,1,1,0,8,9,1,1,1,0,8,9,9,10,8,1,1,1,1,1,1,1,1,10,9,9,8,1,1,1,9,8,10,8
2026-01-13,火,8,2,9,1,1,1,1,1,1,2,9,8,9,0,8,1,1,1,0,8,9,1,1,1,1,1,1,8,9,9,8,10,9,10,8,1,1,1,1,9,10,8,1,1,1,1
2026-01-14,水,2,9,8,9,8,2,9,2,8,8,2,9,0,8,9,9,0,8,9,0,8,9,0,8,10,8,9,10,8,10,10,9,8,9,10,8,8,10,9,8,9,10,10,9,8,10
2026-01-15,木,1,1,1,8,2,9,8,9,2,1,1,1,1,1,1,8,9,0,1,1,1,8,9,0,8,9,10,1,1,1,1,1,1,1,1,9,10,8,10,1,1,1,8,10,9,9
2026-01-16,金,9,8,2,1,1,1,1,1,1,9,8,2,8,9,0,1,1,1,8,9,0,1,1,1,1,1,1,9,10,8,9,8,10,8,9,1,1,1,1,10,8,9,1,1,1,1
2026-01-17,土,,,,,,,,,,,,,,,,,,,,,,,,,,,,,,,,,,,,,,,,,,,,,,
2026-01-18,日,,,,,,,,,,,,,,,,,,,,,,,,,,,,,,,,,,,,,,,,,,,,,,
2026-01-19,月,1,1,1,10,9,8,10,8,9,1,1,1,1,1,1,10,8,9,1,1,1,10,8,9,9,2,8,1,1,1,1,1,1,1,1,0,9,9,8,1,1,1,9,8,0,8
2026-01-20,火,8,10,9,1,1,1,1,1,1,10,9,8,9,10,8,1,1,1,10,8,9,1,1,1,1,1,1,8,9,9,8,2,9,0,8,1,1,1,1,9,0,8,1,1,1,1
2026-01-21,水,10,9,8,9,8,10,9,10,8,8,10,9,10,8,9,9,10,8,9,10,8,9,10,8,2,8,9,2,8,2,2,9,8,9,0,8,8,0,9,8,9,0,0,9,8,0
2026-01-22,木,1,1,1,8,10,9,8,9,10,1,1,1,1,1,1,8,9,10,1,1,1,8,9,10,8,9,2,1,1,1,1,1,1,1,1,9,0,8,0,1,1,1,8,0,9,9
2026-01-23,金,9,8,10,1,1,1,1,1,1,9,8,10,8,9,10,1,1,1,8,9,10,1,1,1,1,1,1,9,2,8,9,8,0,8,9,1,1,1,1,0,8,9,1,1,1,1
2026-01-24,土,,,,,,,,,,,,,,,,,,,,,,,,,,,,,,,,,,,,,,,,,,,,,,
2026-01-25,日,,,,,,,,,,,,,,,,,,,,,,,,,,,,,,,,,,,,,,,,,,,,,,
2026-01-26,月,1,1,1,0,9,8,0,8,9,1,1,1,1,1,1,2,8,9,1,1,1,2,8,9,9,10,8,1,1,1,1,1,1,1,1,10,9,9,8,1,1,1,9,8,10,8
2026-01-27,火,8,0,9,1,1,1,1,1,1,0,9,8,9,2,8,1,1,1,2,8,9,1,1,1,1,1,1,8,9,9,8,10,9,10,8,1,1,1,1,9,10,8,1,1,1,1
2026-01-28,水,0,9,8,9,8,0,9,0,8,8,0,9,2,8,9,9,2,8,9,2,8,9,2,8,10,8,9,10,8,10,10,9,8,9,10,8,8,10,9,8,9,10,10,9,8,10
2026-01-29,木,1,1,1,8,0,9,8,9,0,1,1,1,1,1,1,8,9,2,1,1,1,8,9,2,8,9,10,1,1,1,1,1,1,1,1,9,10,8,10,1,1,1,8,10,9,9
2026-01-30,金,9,8,0,1,1,1,1,1,1,9,8,0,8,9,2,1,1,1,8,9,2,1,1,1,1,1,1,9,10,8,9,8,10,8,9,1,1,1,1,10,8,9,1,1,1,1
2026-01-31,土,,,,,,,,,,,,,,,,,,,,,,,,,,,,,,,,,,,,,,,,,,,,,,
2026-02-01,日,,,,,,,,,,,,,,,,,,,,,,,,,,,,,,,,,,,,,,,,,,,,,,
2026-02-02,月,1,1,1,10,9,8,10,8,9,1,1,1,1,1,1,10,8,9,1,1,1,10,8,9,9,0,8,1,1,1,1,1,1,1,1,2,9,9,8,1,1,1,9,8,2,8
2026-02-03,火,8,10,9,1,1,1,1,1,1,10,9,8,9,10,8,1,1,1,10,8,9,1,1,1,1,1,1,8,9,9,8,0,9,2,8,1,1,1,1,9,2,8,1,1,1,1
2026-02-04,水,10,9,8,9,8,10,9,10,8,8,10,9,10,8,9,9,10,8,9,10,8,9,10,8,0,8,9,0,8,0,0,9,8,9,2,8,8,2,9,8,9,2,2,9,8,2
2026-02-05,木,1,1,1,8,10,9,8,9,10,1,1,1,1,1,1,8,9,10,1,1,1,8,9,10,8,9,0,1,1,1,1,1,1,1,1,9,2,8,2,1,1,1,8,2,9,9
2026-02-06,金,9,8,10,1,1,1,1,1,1,9,8,10,8,9,10,1,1,1,8,9,10,1,1,1,1,1,1,9,0,8,9,8,2,8,9,1,1,1,1,2,8,9,1,1,1,1
2026-02-07,土,,,,,,,,,,,,,,,,,,,,,,,,,,,,,,,,,,,,,,,,,,,,,,
2026-02-08,日,,,,,,,,,,,,,,,,,,,,,,,,,,,,,,,,,,,,,,,,,,,,,,
2026-02-09,月,1,1,1,2,9,8,2,8,9,1,1,1,1,1,1,0,8,9,1,1,1,0,8,9,9,10,8,1,1,1,1,1,1,1,1,10,9,9,8,1,1,1,9,8,10,8
2026-02-10,火,8,2,9,1,1,1,1,1,1,2,9,8,9,0,8,1,1,1,0,8,9,1,1,1,1,1,1,8,9,9,8,10,9,10,8,1,1,1,1,9,10,8,1,1,1,1
2026-02-11,水,2,9,8,9,8,2,9,2,8,8,2,9,0,8,9,9,0,8,9,0,8,9,0,8,10,8,9,10,8,10,10,9,8,9,10,8,8,10,9,8,9,10,10,9,8,10
2026-02-12,木,1,1,1,8,2,9,8,9,2,1,1,1,1,1,1,8,9,0,1,1,1,8,9,0,8,9,10,1,1,1,1,1,1,1,1,9,10,8,10,1,1,1,8,10,9,9
2026-02-13,金,9,8,2,1,1,1,1,1,1,9,8,2,8,9,0,1,1,1,8,9,0,1,1,1,1,1,1,9,10,8,9,8,10,8,9,1,1,1,1,10,8,9,1,1,1,1
2026-02-14,土,,,,,,,,,,,,,,,,,,,,,,,,,,,,,,,,,,,,,,,,,,,,,,
2026-02-15,日,,,,,,,,,,,,,,,,,,,,,,,,,,,,,,,,,,,,,,,,,,,,,,
2026-02-16,月,1,1,1,10,9,8,10,8,9,1,1,1,1,1,1,10,8,9,1,1,1,10,8,9,9,2,8,1,1,1,1,1,1,1,1,0,9,9,8,1,1,1,9,8,0,8
2026-02-17,火,8,10,9,1,1,1,1,1,1,10,9,8,9,10,8,1,1,1,10,8,9,1,1,1,1,1,1,8,9,9,8,2,9,0,8,1,1,1,1,9,0,8,1,1,1,1
2026-02-18,水,10,9,8,9,8,10,9,10,8,8,10,9,10,8,9,9,10,8,9,10,8,9,10,8,2,8,9,2,8,2,2,9,8,9,0,8,8,0,9,8,9,0,0,9,8,0
2026-02-19,木,1,1,1,8,10,9,8,9,10,1,1,1,1,1,1,8,9,10,1,1,1,8,9,10,8,9,2,1,1,1,1,1,1,1,1,9,0,8,0,1,1,1,8,0,9,9
2026-02-20,金,9,8,10,1,1,1,1,1,1,9,8,10,8,9,10,1,1,1,8,9,10,1,1,1,1,1,1,9,2,8,9,8,0,8,9,1,1,1,1,0,8,9,1,1,1,1
2026-02-21,土,,,,,,,,,,,,,,,,,,,,,,,,,,,,,,,,,,,,,,,,,,,,,,
2026-02-22,日,,,,,,,,,,,,,,,,,,,,,,,,,,,,,,,,,,,,,,,,,,,,,,
2026-02-23,月,1,1,1,0,9,8,0,8,9,1,1,1,1,1,1,2,8,9,1,1,1,2,8,9,9,10,8,1,1,1,1,1,1,1,1,10,9,9,8,1,1,1,9,8,10,8
2026-02-24,火,8,0,9,1,1,1,1,1,1,0,9,8,9,2,8,1,1,1,2,8,9,1,1,1,1,1,1,8,9,9,8,10,9,10,8,1,1,1,1,9,10,8,1,1,1,1
2026-02-25,水,0,9,8,9,8,0,9,0,8,8,0,9,2,8,9,9,2,8,9,2,8,9,2,8,10,8,9,10,8,10,10,9,8,9,10,8,8,10,9,8,9,10,10,9,8,10
2026-02-26,木,1,1,1,8,0,9,8,9,0,1,1,1,1,1,1,8,9,2,1,1,1,8,9,2,8,9,10,1,1,1,1,1,1,1,1,9,10,8,10,1,1,1,8,10,9,9
2026-02-27,金,9,8,0,1,1,1,1,1,1,9,8,0,8,9,2,1,1,1,8,9,2,1,1,1,1,1,1,9,10,8,9,8,10,8,9,1,1,1,1,10,8,9,1,1,1,1
2026-02-28,土,,,,,,,,,,,,,,,,,,,,,,,,,,,,,,,,,,,,,,,,,,,,,,
2026-03-01,日,,,,,,,,,,,,,,,,,,,,,,,,,,,,,,,,,,,,,,,,,,,,,,
2026-03-02,月,1,1,1,10,9,8,10,8,9,1,1,1,1,1,1,10,8,9,1,1,1,10,8,9,9,0,8,1,1,1,1,1,1,1,1,2,9,9,8,1,1,1,9,8,2,8
2026-03-03,火,8,10,9,1,1,1,1,1,1,10,9,8,9,10,8,1,1,1,10,8,9,1,1,1,1,1,1,8,9,9,8,0,9,2,8,1,1,1,1,9,2,8,1,1,1,1
2026-03-04,水,10,9,8,9,8,10,9,10,8,8,10,9,10,8,9,9,10,8,9,10,8,9,10,8,0,8,9,0,8,0,0,9,8,9,2,8,8,2,9,8,9,2,2,9,8,2
2026-03-05,木,1,1,1,8,10,9,8,9,10,1,1,1,1,1,1,8,9,10,1,1,1,8,9,10,8,9,0,1,1,1,1,1,1,1,1,9,2,8,2,1,1,1,8,2,9,9
2026-03-06,金,9,8,10,1,1,1,1,1,1,9,8,10,8,9,10,1,1,1,8,9,10,1,1,1,1,1,1,9,0,8,9,8,2,8,9,1,1,1,1,2,8,9,1,1,1,1
2026-03-07,土,,,,,,,,,,,,,,,,,,,,,,,,,,,,,,,,,,,,,,,,,,,,,,
2026-03-08,日,,,,,,,,,,,,,,,,,,,,,,,,,,,,,,,,,,,,,,,,,,,,,,
2026-03-09,月,1,1,1,2,9,8,2,8,9,1,1,1,1,1,1,0,8,9,1,1,1,0,8,9,9,10,8,1,1,1,1,1,1,1,1,10,9,9,8,1,1,1,9,8,10,8
2026-03-10,火,8,2,9,1,1,1,1,1,1,2,9,8,9,0,8,1,1,1,0,8,9,1,1,1,1,1,1,8,9,9,8,10,9,10,8,1,1,1,1,9,10,8,1,1,1,1
2026-03-11,水,2,9,8,9,8,2,9,2,8,8,2,9,0,8,9,9,0,8,9,0,8,9,0,8,10,8,9,10,8,10,10,9,8,9,10,8,8,10,9,8,9,10,10,9,8,10
2026-03-12,木,1,1,1,8,2,9,8,9,2,1,1,1,1,1,1,8,9,0,1,1,1,8,9,0,8,9,10,1,1,1,1,1,1,1,1,9,10,8,10,1,1,1,8,10,9,9
2026-03-13,金,9,8,2,1,1,1,1,1,1,9,8,2,8,9,0,1,1,1,8,9,0,1,1,1,1,1,1,9,10,8,9,8,10,8,9,1,1,1,1,10,8,9,1,1,1,1
2026-03-14,土,,,,,,,,,,,,,,,,,,,,,,,,,,,,,,,,,,,,,,,,,,,,,,
2026-03-15,日,,,,,,,,,,,,,,,,,,,,,,,,,,,,,,,,,,,,,,,,,,,,,,
2026-03-16,月,1,1,1,10,9,8,10,8,9,1,1,1,1,1,1,10,8,9,1,1,1,10,8,9,9,2,8,1,1,1,1,1,1,1,1,0,9,9,8,1,1,1,9,8,0,8
2026-03-17,火,8,10,9,1,1,1,1,1,1,10,9,8,9,10,8,1,1,1,10,8,9,1,1,1,1,1,1,8,9,9,8,2,9,0,8,1,1,1,1,9,0,8,1,1,1,1
2026-03-18,水,10,9,8,9,8,10,9,10,8,8,10,9,10,8,9,9,10,8,9,10,8,9,10,8,2,8,9,2,8,2,2,9,8,9,0,8,8,0,9,8,9,0,0,9,8,0
2026-03-19,木,1,1,1,8,10,9,8,9,10,1,1,1,1,1,1,8,9,10,1,1,1,8,9,10,8,9,2,1,1,1,1,1,1,1,1,9,0,8,0,1,1,1,8,0,9,9
2026-03-20,金,9,8,10,1,1,1,1,1,1,9,8,10,8,9,10,1,1,1,8,9,10,1,1,1,1,1,1,9,2,8,9,8,0,8,9,1,1,1,1,0,8,9,1,1,1,1
2026-03-21,土,,,,,,,,,,,,,,,,,,,,,,,,,,,,,,,,,,,,,,,,,,,,,,
2026-03-22,日,,,,,,,,,,,,,,,,,,,,,,,,,,,,,,,,,,,,,,,,,,,,,,
2026-03-23,月,1,1,1,0,9,8,0,8,9,1,1,1,1,1,1,2,8,9,1,1,1,2,8,9,9,10,8,1,1,1,1,1,1,1,1,10,9,9,8,1,1,1,9,8,10,8
2026-03-24,火,8,0,9,1,1,1,1,1,1,0,9,8,9,2,8,1,1,1,2,8,9,1,1,1,1,1,1,8,9,9,8,10,9,10,8,1,1,1,1,9,10,8,1,1,1,1
2026-03-25,水,0,9,8,9,8,0,9,0,8,8,0,9,2,8,9,9,2,8,9,2,8,9,2,8,10,8,9,10,8,10,10,9,8,9,10,8,8,10,9,8,9,10,10,9,8,10
2026-03-26,木,1,1,1,8,0,9,8,9,0,1,1,1,1,1,1,8,9,2,1,1,1,8,9,2,8,9,10,1,1,1,1,1,1,1,1,9,10,8,10,1,1,1,8,10,9,9
2026-03-27,金,9,8,0,1,1,1,1,1,1,9,8,0,8,9,2,1,1,1,8,9,2,1,1,1,1,1,1,9,10,8,9,8,10,8,9,1,1,1,1,10,8,9,1,1,1,1
2026-03-28,土,,,,,,,,,,,,,,,,,,,,,,,,,,,,,,,,,,,,,,,,,,,,,,
2026-03-29,日,,,,,,,,,,,,,,,,,,,,,,,,,,,,,,,,,,,,,,,,,,,,,,
2026-03-30,月,1,1,1,10,9,8,10,8,9,1,1,1,1,1,1,10,8,9,1,1,1,10,8,9,9,0,8,1,1,1,1,1,1,1,1,2,9,9,8,1,1,1,9,8,2,8
2026-03-31,火,8,10,9,1,1,1,1,1,1,10,9,8,9,10,8,1,1,1,10,8,9,1,1,1,1,1,1,8,9,9,8,0,9,2,8,1,1,1,1,9,2,8,1,1,1,1
2026-04-01,水,10,9,8,9,8,10,9,10,8,8,10,9,10,8,9,9,10,8,9,10,8,9,10,8,0,8,9,0,8,0,0,9,8,9,2,8,8,2,9,8,9,2,2,9,8,2
2026-04-02,木,1,1,1,8,10,9,8,9,10,1,1,1,1,1,1,8,9,10,1,1,1,8,9,10,8,9,0,1,1,1,1,1,1,1,1,9,2,8,2,1,1,1,8,2,9,9
2026-04-03,金,9,8,10,1,1,1,1,1,1,9,8,10,8,9,10,1,1,1,8,9,10,1,1,1,1,1,1,9,0,8,9,8,2,8,9,1,1,1,1,2,8,9,1,1,1,1
2026-04-04,土,,,,,,,,,,,,,,,,,,,,,,,,,,,,,,,,,,,,,,,,,,,,,,
2026-04-05,日,,,,,,,,,,,,,,,,,,,,,,,,,,,,,,,,,,,,,,,,,,,,,,
2026-04-06,月,1,1,1,2,9,8,2,8,9,1,1,1,1,1,1,0,8,9,1,1,1,0,8,9,9,10,8,1,1,1,1,1,1,1,1,10,9,9,8,1,1,1,9,8,10,8
2026-04-07,火,8,2,9,1,1,1,1,1,1,2,9,8,9,0,8,1,1,1,0,8,9,1,1,1,1,1,1,8,9,9,8,10,9,10,8,1,1,1,1,9,10,8,1,1,1,1
2026-04-08,水,2,9,8,9,8,2,9,2,8,8,2,9,0,8,9,9,0,8,9,0,8,9,0,8,10,8,9,10,8,10,10,9,8,9,10,8,8,10,9,8,9,10,10,9,8,10
2026-04-09,木,1,1,1,8,2,9,8,9,2,1,1,1,1,1,1,8,9,0,1,1,1,8,9,0,8,9,10,1,1,1,1,1,1,1,1,9,10,8,10,1,1,1,8,10,9,9
2026-04-10,金,9,8,2,1,1,1,1,1,1,9,8,2,8,9,0,1,1,1,8,9,0,1,1,1,1,1,1,9,10,8,9,8,10,8,9,1,1,1,1,10,8,9,1,1,1,1
2026-04-11,土,,,,,,,,,,,,,,,,,,,,,,,,,,,,,,,,,,,,,,,,,,,,,,
2026-04-12,日,,,,,,,,,,,,,,,,,,,,,,,,,,,,,,,,,,,,,,,,,,,,,,
2026-04-13,月,1,1,1,10,9,8,10,8,9,1,1,1,1,1,1,10,8,9,1,1,1,10,8,9,9,2,8,1,1,1,1,1,1,1,1,0,9,9,8,1,1,1,9,8,0,8
2026-04-14,火,8,10,9,1,1,1,1,1,1,10,9,8,9,10,8,1,1,1,10,8,9,1,1,1,1,1,1,8,9,9,8,2,9,0,8,1,1,1,1,9,0,8,1,1,1,1
2026-04-15,水,10,9,8,9,8,10,9,10,8,8,10,9,10,8,9,9,10,8,9,10,8,9,10,8,2,8,9,2,8,2,2,9,8,9,0,8,8,0,9,8,9,0,0,9,8,0
2026-04-16,木,1,1,1,8,10,9,8,9,10,1,1,1,1,1,1,8,9,10,1,1,1,8,9,10,8,9,2,1,1,1,1,1,1,1,1,9,0,8,0,1,1,1,8,0,9,9
2026-04-17,金,9,8,10,1,1,1,1,1,1,9,8,10,8,9,10,1,1,1,8,9,10,1,1,1,1,1,1,9,2,8,9,8,0,8,9,1,1,1,1,0,8,9,1,1,1,1
2026-04-18,土,,,,,,,,,,,,,,,,,,,,,,,,,,,,,,,,,,,,,,,,,,,,,,
2026-04-19,日,,,,,,,,,,,,,,,,,,,,,,,,,,,,,,,,,,,,,,,,,,,,,,
2026-04-20,月,1,1,1,0,9,8,0,8,9,1,1,1,1,1,1,2,8,9,1,1,1,2,8,9,9,10,8,1,1,1,1,1,1,1,1,10,9,9,8,1,1,1,9,8,10,8
2026-04-21,火,8,0,9,1,1,1,1,1,1,0,9,8,9,2,8,1,1,1,2,8,9,1,1,1,1,1,1,8,9,9,8,10,9,10,8,1,1,1,1,9,10,8,1,1,1,1
2026-04-22,水,0,9,8,9,8,0,9,0,8,8,0,9,2,8,9,9,2,8,9,2,8,9,2,8,10,8,9,10,8,10,10,9,8,9,10,8,8,10,9,8,9,10,10,9,8,10
2026-04-23,木,1,1,1,8,0,9,8,9,0,1,1,1,1,1,1,8,9,2,1,1,1,8,9,2,8,9,10,1,1,1,1,1,1,1,1,9,10,8,10,1,1,1,8,10,9,9
2026-04-24,金,9,8,0,1,1,1,1,1,1,9,8,0,8,9,2,1,1,1,8,9,2,1,1,1,1,1,1,9,10,8,9,8,10,8,9,1,1,1,1,10,8,9,1,1,1,1
2026-04-25,土,,,,,,,,,,,,,,,,,,,,,,,,,,,,,,,,,,,,,,,,,,,,,,
2026-04-26,日,,,,,,,,,,,,,,,,,,,,,,,,,,,,,,,,,,,,,,,,,,,,,,
2026-04-27,月,1,1,1,10,9,8,10,8,9,1,1,1,1,1,1,10,8,9,1,1,1,10,8,9,9,0,8,1,1,1,1,1,1,1,1,2,9,9,8,1,1,1,9,8,2,8
2026-04-28,火,8,10,9,1,1,1,1,1,1,10,9,8,9,10,8,1,1,1,10,8,9,1,1,1,1,1,1,8,9,9,8,0,9,2,8,1,1,1,1,9,2,8,1,1,1,1
2026-04-29,水,10,9,8,9,8,10,9,10,8,8,10,9,10,8,9,9,10,8,9,10,8,9,10,8,0,8,9,0,8,0,0,9,8,9,2,8,8,2,9,8,9,2,2,9,8,2
2026-04-30,木,1,1,1,8,10,9,8,9,10,1,1,1,1,1,1,8,9,10,1,1,1,8,9,10,8,9,0,1,1,1,1,1,1,1,1,9,2,8,2,1,1,1,8,2,9,9
2026-05-01,金,9,8,10,1,1,1,1,1,1,9,8,10,8,9,10,1,1,1,8,9,10,1,1,1,1,1,1,9,11,8,9,8,2,8,9,1,1,1,1,2,8,9,1,1,1,1
2026-05-02,土,,,,,,,,,,,,,,,,,,,,,,,,,,,,,,,,,,,,,,,,,,,,,,
2026-05-03,日,,,,,,,,,,,,,,,,,,,,,,,,,,,,,,,,,,,,,,,,,,,,,,
2026-05-04,月,1,1,1,2,9,8,2,8,9,1,1,1,1,1,1,11,8,9,1,1,1,11,8,9,9,10,8,1,1,1,1,1,1,1,1,10,9,9,8,1,1,1,9,8,10,8
2026-05-05,火,8,2,9,1,1,1,1,1,1,2,9,8,9,11,8,1,1,1,11,8,9,1,1,1,1,1,1,8,9,9,8,10,9,10,8,1,1,1,1,9,10,8,1,1,1,1
2026-05-06,水,2,9,8,9,8,2,9,2,8,8,2,9,11,8,9,9,11,8,9,11,8,9,11,8,10,8,9,10,8,10,10,9,8,9,10,8,8,10,9,8,9,10,10,9,8,10
2026-05-07,木,1,1,1,8,2,9,8,9,2,1,1,1,1,1,1,8,9,11,1,1,1,8,9,11,8,9,10,1,1,1,1,1,1,1,1,9,10,8,10,1,1,1,8,10,9,9
2026-05-08,金,9,8,2,1,1,1,1,1,1,9,8,2,8,9,11,1,1,1,8,9,11,1,1,1,1,1,1,9,10,8,9,8,10,8,9,1,1,1,1,10,8,9,1,1,1,1
2026-05-09,土,,,,,,,,,,,,,,,,,,,,,,,,,,,,,,,,,,,,,,,,,,,,,,
2026-05-10,日,,,,,,,,,,,,,,,,,,,,,,,,,,,,,,,,,,,,,,,,,,,,,,
2026-05-11,月,1,1,1,10,9,8,10,8,9,1,1,1,1,1,1,10,8,9,1,1,1,10,8,9,9,2,8,1,1,1,1,1,1,1,1,11,9,9,8,1,1,1,9,8,11,8
2026-05-12,火,8,10,9,1,1,1,1,1,1,10,9,8,9,10,8,1,1,1,10,8,9,1,1,1,1,1,1,8,9,9,8,2,9,11,8,1,1,1,1,9,11,8,1,1,1,1
2026-05-13,水,10,9,8,9,8,10,9,10,8,8,10,9,10,8,9,9,10,8,9,10,8,9,10,8,2,8,9,2,8,2,2,9,8,9,11,8,8,11,9,8,9,11,11,9,8,11
2026-05-14,木,1,1,1,8,10,9,8,9,10,1,1,1,1,1,1,8,9,10,1,1,1,8,9,10,8,9,2,1,1,1,1,1,1,1,1,9,11,8,11,1,1,1,8,11,9,9
2026-05-15,金,9,8,10,1,1,1,1,1,1,9,8,10,8,9,10,1,1,1,8,9,10,1,1,1,1,1,1,9,2,8,9,8,11,8,9,1,1,1,1,11,8,9,1,1,1,1
2026-05-16,土,,,,,,,,,,,,,,,,,,,,,,,,,,,,,,,,,,,,,,,,,,,,,,
2026-05-17,日,,,,,,,,,,,,,,,,,,,,,,,,,,,,,,,,,,,,,,,,,,,,,,
2026-05-18,月,1,1,1,11,9,8,11,8,9,1,1,1,1,1,1,2,8,9,1,1,1,2,8,9,9,10,8,1,1,1,1,1,1,1,1,10,9,9,8,1,1,1,9,8,10,8
2026-05-19,火,8,11,9,1,1,1,1,1,1,11,9,8,9,2,8,1,1,1,2,8,9,1,1,1,1,1,1,8,9,9,8,10,9,10,8,1,1,1,1,9,10,8,1,1,1,1
2026-05-20,水,11,9,8,9,8,11,9,11,8,8,11,9,2,8,9,9,2,8,9,2,8,9,2,8,10,8,9,10,8,10,10,9,8,9,10,8,8,10,9,8,9,10,10,9,8,10
2026-05-21,木,1,1,1,8,11,9,8,9,11,1,1,1,1,1,1,8,9,2,1,1,1,8,9,2,8,9,10,1,1,1,1,1,1,1,1,9,10,8,10,1,1,1,8,10,9,9
2026-05-22,金,9,8,11,1,1,1,1,1,1,9,8,11,8,9,2,1,1,1,8,9,2,1,1,1,1,1,1,9,10,8,9,8,10,8,9,1,1,1,1,10,8,9,1,1,1,1
2026-05-23,土,,,,,,,,,,,,,,,,,,,,,,,,,,,,,,,,,,,,,,,,,,,,,,
2026-05-24,日,,,,,,,,,,,,,,,,,,,,,,,,,,,,,,,,,,,,,,,,,,,,,,
2026-05-25,月,1,1,1,10,9,8,10,8,9,1,1,1,1,1,1,10,8,9,1,1,1,10,8,9,9,11,8,1,1,1,1,1,1,1,1,2,9,9,8,1,1,1,9,8,2,8
2026-05-26,火,8,10,9,1,1,1,1,1,1,10,9,8,9,10,8,1,1,1,10,8,9,1,1,1,1,1,1,8,9,9,8,11,9,2,8,1,1,1,1,9,2,8,1,1,1,1
2026-05-27,水,10,9,8,9,8,10,9,10,8,8,10,9,10,8,9,9,10,8,9,10,8,9,10,8,11,8,9,11,8,11,11,9,8,9,2,8,8,2,9,8,9,2,2,9,8,2
2026-05-28,木,1,1,1,8,10,9,8,9,10,1,1,1,1,1,1,8,9,10,1,1,1,8,9,10,8,9,11,1,1,1,1,1,1,1,1,9,2,8,2,1,1,1,8,2,9,9
2026-05-29,金,9,8,10,1,1,1,1,1,1,9,8,10,8,9,10,1,1,1,8,9,10,1,1,1,1,1,1,9,11,8,9,8,2,8,9,1,1,1,1,2,8,9,1,1,1,1
2026-05-30,土,,,,,,,,,,,,,,,,,,,,,,,,,,,,,,,,,,,,,,,,,,,,,,
2026-05-31,日,,,,,,,,,,,,,,,,,,,,,,,,,,,,,,,,,,,,,,,,,,,,,,
2026-06-01,月,1,1,1,2,9,8,2,8,9,1,1,1,1,1,1,11,8,9,1,1,1,11,8,9,9,10,8,1,1,1,1,1,1,1,1,10,9,9,8,1,1,1,9,8,10,8
2026-06-02,火,8,2,9,1,1,1,1,1,1,2,9,8,9,11,8,1,1,1,11,8,9,1,1,1,1,1,1,8,9,9,8,10,9,10,8,1,1,1,1,9,10,8,1,1,1,1
2026-06-03,水,2,9,8,9,8,2,9,2,8,8,2,9,11,8,9,9,11,8,9,11,8,9,11,8,10,8,9,10,8,10,10,9,8,9,10,8,8,10,9,8,9,10,10,9,8,10
2026-06-04,木,1,1,1,8,2,9,8,9,2,1,1,1,1,1,1,8,9,11,1,1,1,8,9,11,8,9,10,1,1,1,1,1,1,1,1,9,10,8,10,1,1,1,8,10,9,9
2026-06-05,金,9,8,2,1,1,1,1,1,1,9,8,2,8,9,11,1,1,1,8,9,11,1,1,1,1,1,1,9,10,8,9,8,10,8,9,1,1,1,1,10,8,9,1,1,1,1
2026-06-06,土,,,,,,,,,,,,,,,,,,,,,,,,,,,,,,,,,,,,,,,,,,,,,,
2026-06-07,日,,,,,,,,,,,,,,,,,,,,,,,,,,,,,,,,,,,,,,,,,,,,,,
2026-06-08,月,1,1,1,10,9,8,10,8,9,1,1,1,1,1,1,10,8,9,1,1,1,10,8,9,9,2,8,1,1,1,1,1,1,1,1,11,9,9,8,1,1,1,9,8,11,8
2026-06-09,火,8,10,9,1,1,1,1,1,1,10,9,8,9,10,8,1,1,1,10,8,9,1,1,1,1,1,1,8,9,9,8,2,9,11,8,1,1,1,1,9,11,8,1,1,1,1
2026-06-10,水,10,9,8,9,8,10,9,10,8,8,10,9,10,8,9,9,10,8,9,10,8,9,10,8,2,8,9,2,8,2,2,9,8,9,11,8,8,11,9,8,9,11,11,9,8,11
2026-06-11,木,1,1,1,8,10,9,8,9,10,1,1,1,1,1,1,8,9,10,1,1,1,8,9,10,8,9,2,1,1,1,1,1,1,1,1,9,11,8,11,1,1,1,8,11,9,9
2026-06-12,金,9,8,10,1,1,1,1,1,1,9,8,10,8,9,10,1,1,1,8,9,10,1,1,1,1,1,1,9,2,8,9,8,11,8,9,1,1,1,1,11,8,9,1,1,1,1
2026-06-13,土,,,,,,,,,,,,,,,,,,,,,,,,,,,,,,,,,,,,,,,,,,,,,,
2026-06-14,日,,,,,,,,,,,,,,,,,,,,,,,,,,,,,,,,,,,,,,,,,,,,,,
2026-06-15,月,1,1,1,11,9,8,11,8,9,1,1,1,1,1,1,2,8,9,1,1,1,2,8,9,9,10,8,1,1,1,1,1,1,1,1,10,9,9,8,1,1,1,9,8,10,8
2026-06-16,火,8,11,9,1,1,1,1,1,1,11,9,8,9,2,8,1,1,1,2,8,9,1,1,1,1,1,1,8,9,9,8,10,9,10,8,1,1,1,1,9,10,8,1,1,1,1
2026-06-17,水,11,9,8,9,8,11,9,11,8,8,11,9,2,8,9,9,2,8,9,2,8,9,2,8,10,8,9,10,8,10,10,9,8,9,10,8,8,10,9,8,9,10,10,9,8,10
2026-06-18,木,1,1,1,8,11,9,8,9,11,1,1,1,1,1,1,8,9,2,1,1,1,8,9,2,8,9,10,1,1,1,1,1,1,1,1,9,10,8,10,1,1,1,8,10,9,9
2026-06-19,金,9,8,11,1,1,1,1,1,1,9,8,11,8,9,2,1,1,1,8,9,2,1,1,1,1,1,1,9,10,8,9,8,10,8,9,1,1,1,1,10,8,9,1,1,1,1
2026-06-20,土,,,,,,,,,,,,,,,,,,,,,,,,,,,,,,,,,,,,,,,,,,,,,,
2026-06-21,日,,,,,,,,,,,,,,,,,,,,,,,,,,,,,,,,,,,,,,,,,,,,,,
2026-06-22,月,1,1,1,10,9,8,10,8,9,1,1,1,1,1,1,10,8,9,1,1,1,10,8,9,9,11,8,1,1,1,1,1,1,1,1,2,9,9,8,1,1,1,9,8,2,8
2026-06-23,火,8,10,9,1,1,1,1,1,1,10,9,8,9,10,8,1,1,1,10,8,9,1,1,1,1,1,1,8,9,9,8,11,9,2,8,1,1,1,1,9,2,8,1,1,1,1
2026-06-24,水,10,9,8,9,8,10,9,10,8,8,10,9,10,8,9,9,10,8,9,10,8,9,10,8,11,8,9,11,8,11,11,9,8,9,2,8,8,2,9,8,9,2,2,9,8,2
2026-06-25,木,1,1,1,8,10,9,8,9,10,1,1,1,1,1,1,8,9,10,1,1,1,8,9,10,8,9,11,1,1,1,1,1,1,1,1,9,2,8,2,1,1,1,8,2,9,9
2026-06-26,金,9,8,10,1,1,1,1,1,1,9,8,10,8,9,10,1,1,1,8,9,10,1,1,1,1,1,1,9,11,8,9,8,2,8,9,1,1,1,1,2,8,9,1,1,1,1
2026-06-27,土,,,,,,,,,,,,,,,,,,,,,,,,,,,,,,,,,,,,,,,,,,,,,,
2026-06-28,日,,,,,,,,,,,,,,,,,,,,,,,,,,,,,,,,,,,,,,,,,,,,,,
2026-06-29,月,1,1,1,2,9,8,2,8,9,1,1,1,1,1,1,11,8,9,1,1,1,11,8,9,9,10,8,1,1,1,1,1,1,1,1,10,9,9,8,1,1,1,9,8,10,8
2026-06-30,火,8,2,9,1,1,1,1,1,1,2,9,8,9,11,8,1,1,1,11,8,9,1,1,1,1,1,1,8,9,9,8,10,9,10,8,1,1,1,1,9,10,8,1,1,1,1
2026-07-01,水,2,9,8,9,8,2,9,2,8,8,2,9,11,8,9,9,11,8,9,11,8,9,11,8,10,8,9,10,8,10,10,9,8,9,10,8,8,10,9,8,9,10,10,9,8,10
2026-07-02,木,1,1,1,8,2,9,8,9,2,1,1,1,1,1,1,8,9,11,1,1,1,8,9,11,8,9,10,1,1,1,1,1,1,1,1,9,10,8,10,1,1,1,8,10,9,9
2026-07-03,金,9,8,2,1,1,1,1,1,1,9,8,2,8,9,11,1,1,1,8,9,11,1,1,1,1,1,1,9,10,8,9,8,10,8,9,1,1,1,1,10,8,9,1,1,1,1
2026-07-04,土,,,,,,,,,,,,,,,,,,,,,,,,,,,,,,,,,,,,,,,,,,,,,,
2026-07-05,日,,,,,,,,,,,,,,,,,,,,,,,,,,,,,,,,,,,,,,,,,,,,,,
2026-07-06,月,1,1,1,10,9,8,10,8,9,1,1,1,1,1,1,10,8,9,1,1,1,10,8,9,9,2,8,1,1,1,1,1,1,1,1,11,9,9,8,1,1,1,9,8,11,8
2026-07-07,火,8,10,9,1,1,1,1,1,1,10,9,8,9,10,8,1,1,1,10,8,9,1,1,1,1,1,1,8,9,9,8,2,9,11,8,1,1,1,1,9,11,8,1,1,1,1
2026-07-08,水,10,9,8,9,8,10,9,10,8,8,10,9,10,8,9,9,10,8,9,10,8,9,10,8,2,8,9,2,8,2,2,9,8,9,11,8,8,11,9,8,9,11,11,9,8,11
2026-07-09,木,1,1,1,8,10,9,8,9,10,1,1,1,1,1,1,8,9,10,1,1,1,8,9,10,8,9,2,1,1,1,1,1,1,1,1,9,11,8,11,1,1,1,8,11,9,9
2026-07-10,金,9,8,10,1,1,1,1,1,1,9,8,10,8,9,10,1,1,1,8,9,10,1,1,1,1,1,1,9,2,8,9,8,11,8,9,1,1,1,1,11,8,9,1,1,1,1
2026-07-11,土,,,,,,,,,,,,,,,,,,,,,,,,,,,,,,,,,,,,,,,,,,,,,,
2026-07-12,日,,,,,,,,,,,,,,,,,,,,,,,,,,,,,,,,,,,,,,,,,,,,,,
2026-07-13,月,1,1,1,11,9,8,11,8,9,1,1,1,1,1,1,2,8,9,1,1,1,2,8,9,9,10,8,1,1,1,1,1,1,1,1,10,9,9,8,1,1,1,9,8,10,8
2026-07-14,火,8,11,9,1,1,1,1,1,1,11,9,8,9,2,8,1,1,1,2,8,9,1,1,1,1,1,1,8,9,9,8,10,9,10,8,1,1,1,1,9,10,8,1,1,1,1
2026-07-15,水,11,9,8,9,8,11,9,11,8,8,11,9,2,8,9,9,2,8,9,2,8,9,2,8,10,8,9,10,8,10,10,9,8,9,10,8,8,10,9,8,9,10,10,9,8,10
2026-07-16,木,1,1,1,8,11,9,8,9,11,1,1,1,1,1,1,8,9,2,1,1,1,8,9,2,8,9,10,1,1,1,1,1,1,1,1,9,10,8,10,1,1,1,8,10,9,9
2026-07-17,金,9,8,11,1,1,1,1,1,1,9,8,11,8,9,2,1,1,1,8,9,2,1,1,1,1,1,1,9,10,8,9,8,10,8,9,1,1,1,1,10,8,9,1,1,1,1
2026-07-18,土,,,,,,,,,,,,,,,,,,,,,,,,,,,,,,,,,,,,,,,,,,,,,,
2026-07-19,日,,,,,,,,,,,,,,,,,,,,,,,,,,,,,,,,,,,,,,,,,,,,,,
2026-07-20,月,1,1,1,10,9,8,10,8,9,1,1,1,1,1,1,10,8,9,1,1,1,10,8,9,9,11,8,1,1,1,1,1,1,1,1,2,9,9,8,1,1,1,9,8,2,8
2026-07-21,火,8,10,9,1,1,1,1,1,1,10,9,8,9,10,8,1,1,1,10,8,9,1,1,1,1,1,1,8,9,9,8,11,9,2,8,1,1,1,1,9,2,8,1,1,1,1
2026-07-22,水,10,9,8,9,8,10,9,10,8,8,10,9,10,8,9,9,10,8,9,10,8,9,10,8,11,8,9,11,8,11,11,9,8,9,2,8,8,2,9,8,9,2,2,9,8,2
2026-07-23,木,1,1,1,8,10,9,8,9,10,1,1,1,1,1,1,8,9,10,1,1,1,8,9,10,8,9,11,1,1,1,1,1,1,1,1,9,2,8,2,1,1,1,8,2,9,9
2026-07-24,金,9,8,10,1,1,1,1,1,1,9,8,10,8,9,10,1,1,1,8,9,10,1,1,1,1,1,1,9,11,8,9,8,2,8,9,1,1,1,1,2,8,9,1,1,1,1
2026-07-25,土,,,,,,,,,,,,,,,,,,,,,,,,,,,,,,,,,,,,,,,,,,,,,,
2026-07-26,日,,,,,,,,,,,,,,,,,,,,,,,,,,,,,,,,,,,,,,,,,,,,,,
2026-07-27,月,1,1,1,2,9,8,2,8,9,1,1,1,1,1,1,11,8,9,1,1,1,11,8,9,9,10,8,1,1,1,1,1,1,1,1,10,9,9,8,1,1,1,9,8,10,8
2026-07-28,火,8,2,9,1,1,1,1,1,1,2,9,8,9,11,8,1,1,1,11,8,9,1,1,1,1,1,1,8,9,9,8,10,9,10,8,1,1,1,1,9,10,8,1,1,1,1
2026-07-29,水,2,9,8,9,8,2,9,2,8,8,2,9,11,8,9,9,11,8,9,11,8,9,11,8,10,8,9,10,8,10,10,9,8,9,10,8,8,10,9,8,9,10,10,9,8,10
2026-07-30,木,1,1,1,8,2,9,8,9,2,1,1,1,1,1,1,8,9,11,1,1,1,8,9,11,8,9,10,1,1,1,1,1,1,1,1,9,10,8,10,1,1,1,8,10,9,9
2026-07-31,金,9,8,2,1,1,1,1,1,1,9,8,2,8,9,11,1,1,1,8,9,11,1,1,1,1,1,1,9,10,8,9,8,10,8,9,1,1,1,1,10,8,9,1,1,1,1
2026-08-01,土,,,,,,,,,,,,,,,,,,,,,,,,,,,,,,,,,,,,,,,,,,,,,,
2026-08-02,日,,,,,,,,,,,,,,,,,,,,,,,,,,,,,,,,,,,,,,,,,,,,,,
2026-08-03,月,1,1,1,10,9,8,10,8,9,1,1,1,1,1,1,10,8,9,1,1,1,10,8,9,9,2,8,1,1,1,1,1,1,1,1,11,9,9,8,1,1,1,9,8,11,8
2026-08-04,火,8,10,9,1,1,1,1,1,1,10,9,8,9,10,8,1,1,1,10,8,9,1,1,1,1,1,1,8,9,9,8,2,9,11,8,1,1,1,1,9,11,8,1,1,1,1
2026-08-05,水,10,9,8,9,8,10,9,10,8,8,10,9,10,8,9,9,10,8,9,10,8,9,10,8,2,8,9,2,8,2,2,9,8,9,11,8,8,11,9,8,9,11,11,9,8,11
2026-08-06,木,1,1,1,8,10,9,8,9,10,1,1,1,1,1,1,8,9,10,1,1,1,8,9,10,8,9,2,1,1,1,1,1,1,1,1,9,11,8,11,1,1,1,8,11,9,9
2026-08-07,金,9,8,10,1,1,1,1,1,1,9,8,10,8,9,10,1,1,1,8,9,10,1,1,1,1,1,1,9,2,8,9,8,11,8,9,1,1,1,1,11,8,9,1,1,1,1
2026-08-08,土,,,,,,,,,,,,,,,,,,,,,,,,,,,,,,,,,,,,,,,,,,,,,,
2026-08-09,日,,,,,,,,,,,,,,,,,,,,,,,,,,,,,,,,,,,,,,,,,,,,,,
2026-08-10,月,1,1,1,11,9,8,11,8,9,1,1,1,1,1,1,2,8,9,1,1,1,2,8,9,9,10,8,1,1,1,1,1,1,1,1,10,9,9,8,1,1,1,9,8,10,8
2026-08-11,火,8,11,9,1,1,1,1,1,1,11,9,8,9,2,8,1,1,1,2,8,9,1,1,1,1,1,1,8,9,9,8,10,9,10,8,1,1,1,1,9,10,8,1,1,1,1
2026-08-12,水,11,9,8,9,8,11,9,11,8,8,11,9,2,8,9,9,2,8,9,2,8,9,2,8,10,8,9,10,8,10,10,9,8,9,10,8,8,10,9,8,9,10,10,9,8,10
2026-08-13,木,1,1,1,8,11,9,8,9,11,1,1,1,1,1,1,8,9,2,1,1,1,8,9,2,8,9,10,1,1,1,1,1,1,1,1,9,10,8,10,1,1,1,8,10,9,9
2026-08-14,金,9,8,11,1,1,1,1,1,1,9,8,11,8,9,2,1,1,1,8,9,2,1,1,1,1,1,1,9,10,8,9,8,10,8,9,1,1,1,1,10,8,9,1,1,1,1
2026-08-15,土,,,,,,,,,,,,,,,,,,,,,,,,,,,,,,,,,,,,,,,,,,,,,,
2026-08-16,日,,,,,,,,,,,,,,,,,,,,,,,,,,,,,,,,,,,,,,,,,,,,,,
2026-08-17,月,1,1,1,10,9,8,10,8,9,1,1,1,1,1,1,10,8,9,1,1,1,10,8,9,9,11,8,1,1,1,1,1,1,1,1,2,9,9,8,1,1,1,9,8,2,8
2026-08-18,火,8,10,9,1,1,1,1,1,1,10,9,8,9,10,8,1,1,1,10,8,9,1,1,1,1,1,1,8,9,9,8,11,9,2,8,1,1,1,1,9,2,8,1,1,1,1
2026-08-19,水,10,9,8,9,8,10,9,10,8,8,10,9,10,8,9,9,10,8,9,10,8,9,10,8,11,8,9,11,8,11,11,9,8,9,2,8,8,2,9,8,9,2,2,9,8,2
2026-08-20,木,1,1,1,8,10,9,8,9,10,1,1,1,1,1,1,8,9,10,1,1,1,8,9,10,8,9,11,1,1,1,1,1,1,1,1,9,2,8,2,1,1,1,8,2,9,9
2026-08-21,金,9,8,10,1,1,1,1,1,1,9,8,10,8,9,10,1,1,1,8,9,10,1,1,1,1,1,1,9,11,8,9,8,2,8,9,1,1,1,1,2,8,9,1,1,1,1
2026-08-22,土,,,,,,,,,,,,,,,,,,,,,,,,,,,,,,,,,,,,,,,,,,,,,,
2026-08-23,日,,,,,,,,,,,,,,,,,,,,,,,,,,,,,,,,,,,,,,,,,,,,,,
2026-08-24,月,1,1,1,2,9,8,2,8,9,1,1,1,1,1,1,11,8,9,1,1,1,11,8,9,9,10,8,1,1,1,1,1,1,1,1,10,9,9,8,1,1,1,9,8,10,8
2026-08-25,火,8,2,9,1,1,1,1,1,1,2,9,8,9,11,8,1,1,1,11,8,9,1,1,1,1,1,1,8,9,9,8,10,9,10,8,1,1,1,1,9,10,8,1,1,1,1
2026-08-26,水,2,9,8,9,8,2,9,2,8,8,2,9,11,8,9,9,11,8,9,11,8,9,11,8,10,8,9,10,8,10,10,9,8,9,10,8,8,10,9,8,9,10,10,9,8,10
2026-08-27,木,1,1,1,8,2,9,8,9,2,1,1,1,1,1,1,8,9,11,1,1,1,8,9,11,8,9,10,1,1,1,1,1,1,1,1,9,10,8,10,1,1,1,8,10,9,9
2026-08-28,金,9,8,2,1,1,1,1,1,1,9,8,2,8,9,11,1,1,1,8,9,11,1,1,1,1,1,1,9,10,8,9,8,10,8,9,1,1,1,1,10,8,9,1,1,1,1
2026-08-29,土,,,,,,,,,,,,,,,,,,,,,,,,,,,,,,,,,,,,,,,,,,,,,,
2026-08-30,日,,,,,,,,,,,,,,,,,,,,,,,,,,,,,,,,,,,,,,,,,,,,,,
2026-08-31,月,1,1,1,10,9,8,10,8,9,1,1,1,1,1,1,10,8,9,1,1,1,10,8,9,9,2,8,1,1,1,1,1,1,1,1,11,9,9,8,1,1,1,9,8,11,8
2026-09-01,火,8,10,9,1,1,1,1,1,1,10,9,8,9,10,8,1,1,1,10,8,9,1,1,1,1,1,1,8,9,9,8,2,9,11,8,1,1,1,1,9,11,8,1,1,1,1
2026-09-02,水,10,9,8,9,8,10,9,10,8,8,10,9,10,8,9,9,10,8,9,10,8,9,10,8,2,8,9,2,8,2,2,9,8,9,11,8,8,11,9,8,9,11,11,9,8,11
2026-09-03,木,1,1,1,8,10,9,8,9,10,1,1,1,1,1,1,8,9,10,1,1,1,8,9,10,8,9,2,1,1,1,1,1,1,1,1,9,11,8,11,1,1,1,8,11,9,9
2026-09-04,金,9,8,10,1,1,1,1,1,1,9,8,10,8,9,10,1,1,1,8,9,10,1,1,1,1,1,1,9,2,8,9,8,11,8,9,1,1,1,1,11,8,9,1,1,1,1
2026-09-05,土,,,,,,,,,,,,,,,,,,,,,,,,,,,,,,,,,,,,,,,,,,,,,,
2026-09-06,日,,,,,,,,,,,,,,,,,,,,,,,,,,,,,,,,,,,,,,,,,,,,,,
2026-09-07,月,1,1,1,11,9,8,11,8,9,1,1,1,1,1,1,2,8,9,1,1,1,2,8,9,9,10,8,1,1,1,1,1,1,1,1,10,9,9,8,1,1,1,9,8,10,8
2026-09-08,火,8,11,9,1,1,1,1,1,1,11,9,8,9,2,8,1,1,1,2,8,9,1,1,1,1,1,1,8,9,9,8,10,9,10,8,1,1,1,1,9,10,8,1,1,1,1
2026-09-09,水,11,9,8,9,8,11,9,11,8,8,11,9,2,8,9,9,2,8,9,2,8,9,2,8,10,8,9,10,8,10,10,9,8,9,10,8,8,10,9,8,9,10,10,9,8,10
2026-09-10,木,1,1,1,8,11,9,8,9,11,1,1,1,1,1,1,8,9,2,1,1,1,8,9,2,8,9,10,1,1,1,1,1,1,1,1,9,10,8,10,1,1,1,8,10,9,9
2026-09-11,金,9,8,11,1,1,1,1,1,1,9,8,11,8,9,2,1,1,1,8,9,2,1,1,1,1,1,1,9,10,8,9,8,10,8,9,1,1,1,1,10,8,9,1,1,1,1
2026-09-12,土,,,,,,,,,,,,,,,,,,,,,,,,,,,,,,,,,,,,,,,,,,,,,,
2026-09-13,日,,,,,,,,,,,,,,,,,,,,,,,,,,,,,,,,,,,,,,,,,,,,,,
2026-09-14,月,1,1,1,10,9,8,10,8,9,1,1,1,1,1,1,10,8,9,1,1,1,10,8,9,9,11,8,1,1,1,1,1,1,1,1,2,9,9,8,1,1,1,9,8,2,8
2026-09-15,火,8,10,9,1,1,1,1,1,1,10,9,8,9,10,8,1,1,1,10,8,9,1,1,1,1,1,1,8,9,9,8,11,9,2,8,1,1,1,1,9,2,8,1,1,1,1
2026-09-16,水,10,9,8,9,8,10,9,10,8,8,10,9,10,8,9,9,10,8,9,10,8,9,10,8,11,8,9,11,8,11,11,9,8,9,2,8,8,2,9,8,9,2,2,9,8,2
2026-09-17,木,1,1,1,8,10,9,8,9,10,1,1,1,1,1,1,8,9,10,1,1,1,8,9,10,8,9,11,1,1,1,1,1,1,1,1,9,2,8,2,1,1,1,8,2,9,9
2026-09-18,金,9,8,10,1,1,1,1,1,1,9,8,10,8,9,10,1,1,1,8,9,10,1,1,1,1,1,1,9,11,8,9,8,2,8,9,1,1,1,1,2,8,9,1,1,1,1
2026-09-19,土,,,,,,,,,,,,,,,,,,,,,,,,,,,,,,,,,,,,,,,,,,,,,,
2026-09-20,日,,,,,,,,,,,,,,,,,,,,,,,,,,,,,,,,,,,,,,,,,,,,,,
2026-09-21,月,1,1,1,2,9,8,2,8,9,1,1,1,1,1,1,11,8,9,1,1,1,11,8,9,9,10,8,1,1,1,1,1,1,1,1,10,9,9,8,1,1,1,9,8,10,8
2026-09-22,火,8,2,9,1,1,1,1,1,1,2,9,8,9,11,8,1,1,1,11,8,9,1,1,1,1,1,1,8,9,9,8,10,9,10,8,1,1,1,1,9,10,8,1,1,1,1
2026-09-23,水,2,9,8,9,8,2,9,2,8,8,2,9,11,8,9,9,11,8,9,11,8,9,11,8,10,8,9,10,8,10,10,9,8,9,10,8,8,10,9,8,9,10,10,9,8,10
2026-09-24,木,1,1,1,8,2,9,8,9,2,1,1,1,1,1,1,8,9,11,1,1,1,8,9,11,8,9,10,1,1,1,1,1,1,1,1,9,10,8,10,1,1,1,8,10,9,9
2026-09-25,金,9,8,2,1,1,1,1,1,1,9,8,2,8,9,11,1,1,1,8,9,11,1,1,1,1,1,1,9,10,8,9,8,10,8,9,1,1,1,1,10,8,9,1,1,1,1
2026-09-26,土,,,,,,,,,,,,,,,,,,,,,,,,,,,,,,,,,,,,,,,,,,,,,,
2026-09-27,日,,,,,,,,,,,,,,,,,,,,,,,,,,,,,,,,,,,,,,,,,,,,,,
2026-09-28,月,1,1,1,10,9,8,10,8,9,1,1,1,1,1,1,10,8,9,1,1,1,10,8,9,9,2,8,1,1,1,1,1,1,1,1,11,9,9,8,1,1,1,9,8,11,8
2026-09-29,火,8,10,9,1,1,1,1,1,1,10,9,8,9,10,8,1,1,1,10,8,9,1,1,1,1,1,1,8,9,9,8,2,9,11,8,1,1,1,1,9,11,8,1,1,1,1
2026-09-30,水,10,9,8,9,8,10,9,10,8,8,10,9,10,8,9,9,10,8,9,10,8,9,10,8,2,8,9,2,8,2,2,9,8,9,11,8,8,11,9,8,9,11,11,9,8,11