Date,chuo-1,chuo-2,chuo-3,chuo-4,chuo-5,chuo-6,toyohira-1,toyohira-2,toyohira-3,toyohira-4,kiyota-1,kiyota-2,kita-1,kita-2,kita-3,kita-4,kita-5,kita-6,higashi-1,higashi-2,higashi-3,higashi-4,higashi-5,higashi-6,shiroishi-1,shiroishi-2,shiroishi-3,shiroishi-4,atsubetsu-1,atsubetsu-2,atsubetsu-3,atsubetsu-4,minami-1,minami-2,minami-3,minami-4,minami-5,minami-6,minami-7,nishi-1,nishi-2,nishi-3,nishi-4,teine-1,teine-2,teine-3
2021-10-01,3.0,4.0,5.0,1.0,1.0,1.0,1.0,1.0,1.0,3.0,4.0,5.0,4.0,3.0,5.0,1.0,1.0,1.0,4.0,3.0,5.0,1.0,1.0,1.0,1.0,1.0,1.0,3.0,2.0,4.0,3.0,4.0,6.0,4.0,3.0,1.0,1.0,1.0,1.0,6.0,4.0,3.0,1.0,1.0,1.0,1.0
2021-10-02,0.0,0.0,0.0,0.0,0.0,0.0,0.0,0.0,0.0,0.0,0.0,0.0,0.0,0.0,0.0,0.0,0.0,0.0,0.0,0.0,0.0,0.0,0.0,0.0,0.0,0.0,0.0,0.0,0.0,0.0,0.0,0.0,0.0,0.0,0.0,0.0,0.0,0.0,0.0,0.0,0.0,0.0,0.0,0.0,0.0,0.0
2021-10-03,0.0,0.0,0.0,0.0,0.0,0.0,0.0,0.0,0.0,0.0,0.0,0.0,0.0,0.0,0.0,0.0,0.0,0.0,0.0,0.0,0.0,0.0,0.0,0.0,0.0,0.0,0.0,0.0,0.0,0.0,0.0,0.0,0.0,0.0,0.0,0.0,0.0,0.0,0.0,0.0,0.0,0.0,0.0,0.0,0.0,0.0
2021-10-04,1.0,1.0,1.0,6.0,3.0,4.0,6.0,4.0,3.0,1.0,1.0,1.0,1.0,1.0,1.0,2.0,4.0,3.0,1.0,1.0,1.0,2.0,4.0,3.0,3.0,5.0,4.0,1.0,1.0,1.0,1.0,1.0,1.0,1.0,1.0,5.0,3.0,3.0,4.0,1.0,1.0,1.0,3.0,4.0,5.0,4.0
2021-10-05,4.0,6.0,3.0,1.0,1.0,1.0,1.0,1.0,1.0,6.0,3.0,4.0,3.0,2.0,4.0,1.0,1.0,1.0,2.0,4.0,3.0,1.0,1.0,1.0,1.0,1.0,1.0,4.0,3.0,3.0,4.0,5.0,3.0,5.0,4.0,1.0,1.0,1.0,1.0,3.0,5.0,4.0,1.0,1.0,1.0,1.0
2021-10-06,6.0,3.0,4.0,3.0,4.0,6.0,3.0,6.0,4.0,4.0,6.0,3.0,2.0,4.0,3.0,3.0,2.0,4.0,3.0,2.0,4.0,3.0,2.0,4.0,5.0,4.0,3.0,5.0,4.0,5.0,5.0,3.0,4.0,3.0,5.0,4.0,4.0,5.0,3.0,4.0,3.0,5.0,5.0,3.0,4.0,5.0
2021-10-07,1.0,1.0,1.0,4.0,6.0,3.0,4.0,3.0,6.0,1.0,1.0,1.0,1.0,1.0,1.0,4.0,3.0,2.0,1.0,1.0,1.0,4.0,3.0,2.0,4.0,3.0,5.0,1.0,1.0,1.0,1.0,1.0,1.0,1.0,1.0,3.0,5.0,4.0,5.0,1.0,1.0,1.0,4.0,5.0,3.0,3.0
2021-10-08,3.0,4.0,6.0,1.0,1.0,1.0,1.0,1.0,1.0,3.0,4.0,6.0,4.0,3.0,2.0,1.0,1.0,1.0,4.0,3.0,2.0,1.0,1.0,1.0,1.0,1.0,1.0,3.0,5.0,4.0,3.0,4.0,5.0,4.0,3.0,1.0,1.0,1.0,1.0,5.0,4.0,3.0,1.0,1.0,1.0,1.0
2021-10-09,0.0,0.0,0.0,0.0,0.0,0.0,0.0,0.0,0.0,0.0,0.0,0.0,0.0,0.0,0.0,0.0,0.0,0.0,0.0,0.0,0.0,0.0,0.0,0.0,0.0,0.0,0.0,0.0,0.0,0.0,0.0,0.0,0.0,0.0,0.0,0.0,0.0,0.0,0.0,0.0,0.0,0.0,0.0,0.0,0.0,0.0
2021-10-10,0.0,0.0,0.0,0.0,0.0,0.0,0.0,0.0,0.0,0.0,0.0,0.0,0.0,0.0,0.0,0.0,0.0,0.0,0.0,0.0,0.0,0.0,0.0,0.0,0.0,0.0,0.0,0.0,0.0,0.0,0.0,0.0,0.0,0.0,0.0,0.0,0.0,0.0,0.0,0.0,0.0,0.0,0.0,0.0,0.0,0.0
2021-10-11,1.0,1.0,1.0,5.0,3.0,4.0,5.0,4.0,3.0,1.0,1.0,1.0,1.0,1.0,1.0,5.0,4.0,3.0,1.0,1.0,1.0,5.0,4.0,3.0,3.0,6.0,4.0,1.0,1.0,1.0,1.0,1.0,1.0,1.0,1.0,2.0,3.0,3.0,4.0,1.0,1.0,1.0,3.0,4.0,2.0,4.0
2021-10-12,4.0,5.0,3.0,1.0,1.0,1.0,1.0,1.0,1.0,5.0,3.0,4.0,3.0,5.0,4.0,1.0,1.0,1.0,5.0,4.0,3.0,1.0,1.0,1.0,1.0,1.0,1.0,4.0,3.0,3.0,4.0,6.0,3.0,2.0,4.0,1.0,1.0,1.0,1.0,3.0,2.0,4.0,1.0,1.0,1.0,1.0
2021-10-13,5.0,3.0,4.0,3.0,4.0,5.0,3.0,5.0,4.0,4.0,5.0,3.0,5.0,4.0,3.0,3.0,5.0,4.0,3.0,5.0,4.0,3.0,5.0,4.0,6.0,4.0,3.0,6.0,4.0,6.0,6.0,3.0,4.0,3.0,2.0,4.0,4.0,2.0,3.0,4.0,3.0,2.0,2.0,3.0,4.0,2.0
2021-10-14,1.0,1.0,1.0,4.0,5.0,3.0,4.0,3.0,5.0,1.0,1.0,1.0,1.0,1.0,1.0,4.0,3.0,5.0,1.0,1.0,1.0,4.0,3.0,5.0,4.0,3.0,6.0,1.0,1.0,1.0,1.0,1.0,1.0,1.0,1.0,3.0,2.0,4.0,2.0,1.0,1.0,1.0,4.0,2.0,3.0,3.0
2021-10-15,3.0,4.0,5.0,1.0,1.0,1.0,1.0,1.0,1.0,3.0,4.0,5.0,4.0,3.0,5.0,1.0,1.0,1.0,4.0,3.0,5.0,1.0,1.0,1.0,1.0,1.0,1.0,3.0,6.0,4.0,3.0,4.0,2.0,4.0,3.0,1.0,1.0,1.0,1.0,2.0,4.0,3.0,1.0,1.0,1.0,1.0
2021-10-16,0.0,0.0,0.0,0.0,0.0,0.0,0.0,0.0,0.0,0.0,0.0,0.0,0.0,0.0,0.0,0.0,0.0,0.0,0.0,0.0,0.0,0.0,0.0,0.0,0.0,0.0,0.0,0.0,0.0,0.0,0.0,0.0,0.0,0.0,0.0,0.0,0.0,0.0,0.0,0.0,0.0,0.0,0.0,0.0,0.0,0.0
2021-10-17,0.0,0.0,0.0,0.0,0.0,0.0,0.0,0.0,0.0,0.0,0.0,0.0,0.0,0.0,0.0,0.0,0.0,0.0,0.0,0.0,0.0,0.0,0.0,0.0,0.0,0.0,0.0,0.0,0.0,0.0,0.0,0.0,0.0,0.0,0.0,0.0,0.0,0.0,0.0,0.0,0.0,0.0,0.0,0.0,0.0,0.0
2021-10-18,1.0,1.0,1.0,2.0,3.0,4.0,2.0,4.0,3.0,1.0,1.0,1.0,1.0,1.0,1.0,6.0,4.0,3.0,1.0,1.0,1.0,6.0,4.0,3.0,3.0,5.0,4.0,1.0,1.0,1.0,1.0,1.0,1.0,1.0,1.0,5.0,3.0,3.0,4.0,1.0,1.0,1.0,3.0,4.0,5.0,4.0
2021-10-19,4.0,2.0,3.0,1.0,1.0,1.0,1.0,1.0,1.0,2.0,3.0,4.0,3.0,6.0,4.0,1.0,1.0,1.0,6.0,4.0,3.0,1.0,1.0,1.0,1.0,1.0,1.0,4.0,3.0,3.0,4.0,5.0,3.0,5.0,4.0,1.0,1.0,1.0,1.0,3.0,5.0,4.0,1.0,1.0,1.0,1.0
2021-10-20,2.0,3.0,4.0,3.0,4.0,2.0,3.0,2.0,4.0,4.0,2.0,3.0,6.0,4.0,3.0,3.0,6.0,4.0,3.0,6.0,4.0,3.0,6.0,4.0,5.0,4.0,3.0,5.0,4.0,5.0,5.0,3.0,4.0,3.0,5.0,4.0,4.0,5.0,3.0,4.0,3.0,5.0,5.0,3.0,4.0,5.0
2021-10-21,1.0,1.0,1.0,4.0,2.0,3.0,4.0,3.0,2.0,1.0,1.0,1.0,1.0,1.0,1.0,4.0,3.0,6.0,1.0,1.0,1.0,4.0,3.0,6.0,4.0,3.0,5.0,1.0,1.0,1.0,1.0,1.0,1.0,1.0,1.0,3.0,5.0,4.0,5.0,1.0,1.0,1.0,4.0,5.0,3.0,3.0
2021-10-22,3.0,4.0,2.0,1.0,1.0,1.0,1.0,1.0,1.0,3.0,4.0,2.0,4.0,3.0,6.0,1.0,1.0,1.0,4.0,3.0,6.0,1.0,1.0,1.0,1.0,1.0,1.0,3.0,5.0,4.0,3.0,4.0,5.0,4.0,3.0,1.0,1.0,1.0,1.0,5.0,4.0,3.0,1.0,1.0,1.0,1.0
2021-10-23,0.0,0.0,0.0,0.0,0.0,0.0,0.0,0.0,0.0,0.0,0.0,0.0,0.0,0.0,0.0,0.0,0.0,0.0,0.0,0.0,0.0,0.0,0.0,0.0,0.0,0.0,0.0,0.0,0.0,0.0,0.0,0.0,0.0,0.0,0.0,0.0,0.0,0.0,0.0,0.0,0.0,0.0,0.0,0.0,0.0,0.0
2021-10-24,0.0,0.0,0.0,0.0,0.0,0.0,0.0,0.0,0.0,0.0,0.0,0.0,0.0,0.0,0.0,0.0,0.0,0.0,0.0,0.0,0.0,0.0,0.0,0.0,0.0,0.0,0.0,0.0,0.0,0.0,0.0,0.0,0.0,0.0,0.0,0.0,0.0,0.0,0.0,0.0,0.0,0.0,0.0,0.0,0.0,0.0
2021-10-25,1.0,1.0,1.0,5.0,3.0,4.0,5.0,4.0,3.0,1.0,1.0,1.0,1.0,1.0,1.0,5.0,4.0,3.0,1.0,1.0,1.0,5.0,4.0,3.0,3.0,2.0,4.0,1.0,1.0,1.0,1.0,1.0,1.0,1.0,1.0,6.0,3.0,3.0,4.0,1.0,1.0,1.0,3.0,4.0,6.0,4.0
2021-10-26,4.0,5.0,3.0,1.0,1.0,1.0,1.0,1.0,1.0,5.0,3.0,4.0,3.0,5.0,4.0,1.0,1.0,1.0,5.0,4.0,3.0,1.0,1.0,1.0,1.0,1.0,1.0,4.0,3.0,3.0,4.0,2.0,3.0,6.0,4.0,1.0,1.0,1.0,1.0,3.0,6.0,4.0,1.0,1.0,1.0,1.0
2021-10-27,5.0,3.0,4.0,3.0,4.0,5.0,3.0,5.0,4.0,4.0,5.0,3.0,5.0,4.0,3.0,3.0,5.0,4.0,3.0,5.0,4.0,3.0,5.0,4.0,2.0,4.0,3.0,2.0,4.0,2.0,2.0,3.0,4.0,3.0,6.0,4.0,4.0,6.0,3.0,4.0,3.0,6.0,6.0,3.0,4.0,6.0
2021-10-28,1.0,1.0,1.0,4.0,5.0,3.0,4.0,3.0,5.0,1.0,1.0,1.0,1.0,1.0,1.0,4.0,3.0,5.0,1.0,1.0,1.0,4.0,3.0,5.0,4.0,3.0,2.0,1.0,1.0,1.0,1.0,1.0,1.0,1.0,1.0,3.0,6.0,4.0,6.0,1.0,1.0,1.0,4.0,6.0,3.0,3.0
2021-10-29,3.0,4.0,5.0,1.0,1.0,1.0,1.0,1.0,1.0,3.0,4.0,5.0,4.0,3.0,5.0,1.0,1.0,1.0,4.0,3.0,5.0,1.0,1.0,1.0,1.0,1.0,1.0,3.0,2.0,4.0,3.0,4.0,6.0,4.0,3.0,1.0,1.0,1.0,1.0,6.0,4.0,3.0,1.0,1.0,1.0,1.0
2021-10-30,0.0,0.0,0.0,0.0,0.0,0.0,0.0,0.0,0.0,0.0,0.0,0.0,0.0,0.0,0.0,0.0,0.0,0.0,0.0,0.0,0.0,0.0,0.0,0.0,0.0,0.0,0.0,0.0,0.0,0.0,0.0,0.0,0.0,0.0,0.0,0.0,0.0,0.0,0.0,0.0,0.0,0.0,0.0,0.0,0.0,0.0
2021-10-31,0.0,0.0,0.0,0.0,0.0,0.0,0.0,0.0,0.0,0.0,0.0,0.0,0.0,0.0,0.0,0.0,0.0,0.0,0.0,0.0,0.0,0.0,0.0,0.0,0.0,0.0,0.0,0.0,0.0,0.0,0.0,0.0,0.0,0.0,0.0,0.0,0.0,0.0,0.0,0.0,0.0,0.0,0.0,0.0,0.0,0.0
2021-11-01,1.0,1.0,1.0,6.0,3.0,4.0,6.0,4.0,3.0,1.0,1.0,1.0,1.0,1.0,1.0,2.0,4.0,3.0,1.0,1.0,1.0,2.0,4.0,3.0,3.0,5.0,4.0,1.0,1.0,1.0,1.0,1.0,1.0,1.0,1.0,5.0,3.0,3.0,4.0,1.0,1.0,1.0,3.0,4.0,5.0,4.0
2021-11-02,4.0,6.0,3.0,1.0,1.0,1.0,1.0,1.0,1.0,6.0,3.0,4.0,3.0,2.0,4.0,1.0,1.0,1.0,2.0,4.0,3.0,1.0,1.0,1.0,1.0,1.0,1.0,4.0,3.0,3.0,4.0,5.0,3.0,5.0,4.0,1.0,1.0,1.0,1.0,3.0,5.0,4.0,1.0,1.0,1.0,1.0
2021-11-03,6.0,3.0,4.0,3.0,4.0,6.0,3.0,6.0,4.0,4.0,6.0,3.0,2.0,4.0,3.0,3.0,2.0,4.0,3.0,2.0,4.0,3.0,2.0,4.0,5.0,4.0,3.0,5.0,4.0,5.0,5.0,3.0,4.0,3.0,5.0,4.0,4.0,5.0,3.0,4.0,3.0,5.0,5.0,3.0,4.0,5.0
2021-11-04,1.0,1.0,1.0,4.0,6.0,3.0,4.0,3.0,6.0,1.0,1.0,1.0,1.0,1.0,1.0,4.0,3.0,2.0,1.0,1.0,1.0,4.0,3.0,2.0,4.0,3.0,5.0,1.0,1.0,1.0,1.0,1.0,1.0,1.0,1.0,3.0,5.0,4.0,5.0,1.0,1.0,1.0,4.0,5.0,3.0,3.0
2021-11-05,3.0,4.0,6.0,1.0,1.0,1.0,1.0,1.0,1.0,3.0,4.0,6.0,4.0,3.0,2.0,1.0,1.0,1.0,4.0,3.0,2.0,1.0,1.0,1.0,1.0,1.0,1.0,3.0,5.0,4.0,3.0,4.0,5.0,4.0,3.0,1.0,1.0,1.0,1.0,5.0,4.0,3.0,1.0,1.0,1.0,1.0
2021-11-06,0.0,0.0,0.0,0.0,0.0,0.0,0.0,0.0,0.0,0.0,0.0,0.0,0.0,0.0,0.0,0.0,0.0,0.0,0.0,0.0,0.0,0.0,0.0,0.0,0.0,0.0,0.0,0.0,0.0,0.0,0.0,0.0,0.0,0.0,0.0,0.0,0.0,0.0,0.0,0.0,0.0,0.0,0.0,0.0,0.0,0.0
2021-11-07,0.0,0.0,0.0,0.0,0.0,0.0,0.0,0.0,0.0,0.0,0.0,0.0,0.0,0.0,0.0,0.0,0.0,0.0,0.0,0.0,0.0,0.0,0.0,0.0,0.0,0.0,0.0,0.0,0.0,0.0,0.0,0.0,0.0,0.0,0.0,0.0,0.0,0.0,0.0,0.0,0.0,0.0,0.0,0.0,0.0,0.0
2021-11-08,1.0,1.0,1.0,5.0,3.0,4.0,5.0,4.0,3.0,1.0,1.0,1.0,1.0,1.0,1.0,5.0,4.0,3.0,1.0,1.0,1.0,5.0,4.0,3.0,3.0,6.0,4.0,1.0,1.0,1.0,1.0,1.0,1.0,1.0,1.0,2.0,3.0,3.0,4.0,1.0,1.0,1.0,3.0,4.0,2.0,4.0
2021-11-09,4.0,5.0,3.0,1.0,1.0,1.0,1.0,1.0,1.0,5.0,3.0,4.0,3.0,5.0,4.0,1.0,1.0,1.0,5.0,4.0,3.0,1.0,1.0,1.0,1.0,1.0,1.0,4.0,3.0,3.0,4.0,6.0,3.0,2.0,4.0,1.0,1.0,1.0,1.0,3.0,2.0,4.0,1.0,1.0,1.0,1.0
2021-11-10,5.0,3.0,4.0,3.0,4.0,5.0,3.0,5.0,4.0,4.0,5.0,3.0,5.0,4.0,3.0,3.0,5.0,4.0,3.0,5.0,4.0,3.0,5.0,4.0,6.0,4.0,3.0,6.0,4.0,6.0,6.0,3.0,4.0,3.0,2.0,4.0,4.0,2.0,3.0,4.0,3.0,2.0,2.0,3.0,4.0,2.0
2021-11-11,1.0,1.0,1.0,4.0,5.0,3.0,4.0,3.0,5.0,1.0,1.0,1.0,1.0,1.0,1.0,4.0,3.0,5.0,1.0,1.0,1.0,4.0,3.0,5.0,4.0,3.0,6.0,1.0,1.0,1.0,1.0,1.0,1.0,1.0,1.0,3.0,2.0,4.0,2.0,1.0,1.0,1.0,4.0,2.0,3.0,3.0
2021-11-12,3.0,4.0,5.0,1.0,1.0,1.0,1.0,1.0,1.0,3.0,4.0,5.0,4.0,3.0,5.0,1.0,1.0,1.0,4.0,3.0,5.0,1.0,1.0,1.0,1.0,1.0,1.0,3.0,6.0,4.0,3.0,4.0,2.0,4.0,3.0,1.0,1.0,1.0,1.0,2.0,4.0,3.0,1.0,1.0,1.0,1.0
2021-11-13,0.0,0.0,0.0,0.0,0.0,0.0,0.0,0.0,0.0,0.0,0.0,0.0,0.0,0.0,0.0,0.0,0.0,0.0,0.0,0.0,0.0,0.0,0.0,0.0,0.0,0.0,0.0,0.0,0.0,0.0,0.0,0.0,0.0,0.0,0.0,0.0,0.0,0.0,0.0,0.0,0.0,0.0,0.0,0.0,0.0,0.0
2021-11-14,0.0,0.0,0.0,0.0,0.0,0.0,0.0,0.0,0.0,0.0,0.0,0.0,0.0,0.0,0.0,0.0,0.0,0.0,0.0,0.0,0.0,0.0,0.0,0.0,0.0,0.0,0.0,0.0,0.0,0.0,0.0,0.0,0.0,0.0,0.0,0.0,0.0,0.0,0.0,0.0,0.0,0.0,0.0,0.0,0.0,0.0
2021-11-15,1.0,1.0,1.0,2.0,3.0,4.0,2.0,4.0,3.0,1.0,1.0,1.0,1.0,1.0,1.0,6.0,4.0,3.0,1.0,1.0,1.0,6.0,4.0,3.0,3.0,5.0,4.0,1.0,1.0,1.0,1.0,1.0,1.0,1.0,1.0,5.0,3.0,3.0,4.0,1.0,1.0,1.0,3.0,4.0,5.0,4.0
2021-11-16,4.0,2.0,3.0,1.0,1.0,1.0,1.0,1.0,1.0,2.0,3.0,4.0,3.0,6.0,4.0,1.0,1.0,1.0,6.0,4.0,3.0,1.0,1.0,1.0,1.0,1.0,1.0,4.0,3.0,3.0,4.0,5.0,3.0,5.0,4.0,1.0,1.0,1.0,1.0,3.0,5.0,4.0,1.0,1.0,1.0,1.0
2021-11-17,2.0,3.0,4.0,3.0,4.0,2.0,3.0,2.0,4.0,4.0,2.0,3.0,6.0,4.0,3.0,3.0,6.0,4.0,3.0,6.0,4.0,3.0,6.0,4.0,5.0,4.0,3.0,5.0,4.0,5.0,5.0,3.0,4.0,3.0,5.0,4.0,4.0,5.0,3.0,4.0,3.0,5.0,5.0,3.0,4.0,5.0
2021-11-18,1.0,1.0,1.0,4.0,2.0,3.0,4.0,3.0,2.0,1.0,1.0,1.0,1.0,1.0,1.0,4.0,3.0,6.0,1.0,1.0,1.0,4.0,3.0,6.0,4.0,3.0,5.0,1.0,1.0,1.0,1.0,1.0,1.0,1.0,1.0,3.0,5.0,4.0,5.0,1.0,1.0,1.0,4.0,5.0,3.0,3.0
2021-11-19,3.0,4.0,2.0,1.0,1.0,1.0,1.0,1.0,1.0,3.0,4.0,2.0,4.0,3.0,6.0,1.0,1.0,1.0,4.0,3.0,6.0,1.0,1.0,1.0,1.0,1.0,1.0,3.0,5.0,4.0,3.0,4.0,5.0,4.0,3.0,1.0,1.0,1.0,1.0,5.0,4.0,3.0,1.0,1.0,1.0,1.0
2021-11-20,0.0,0.0,0.0,0.0,0.0,0.0,0.0,0.0,0.0,0.0,0.0,0.0,0.0,0.0,0.0,0.0,0.0,0.0,0.0,0.0,0.0,0.0,0.0,0.0,0.0,0.0,0.0,0.0,0.0,0.0,0.0,0.0,0.0,0.0,0.0,0.0,0.0,0.0,0.0,0.0,0.0,0.0,0.0,0.0,0.0,0.0
2021-11-21,0.0,0.0,0.0,0.0,0.0,0.0,0.0,0.0,0.0,0.0,0.0,0.0,0.0,0.0,0.0,0.0,0.0,0.0,0.0,0.0,0.0,0.0,0.0,0.0,0.0,0.0,0.0,0.0,0.0,0.0,0.0,0.0,0.0,0.0,0.0,0.0,0.0,0.0,0.0,0.0,0.0,0.0,0.0,0.0,0.0,0.0
2021-11-22,1.0,1.0,1.0,5.0,3.0,4.0,5.0,4.0,3.0,1.0,1.0,1.0,1.0,1.0,1.0,5.0,4.0,3.0,1.0,1.0,1.0,5.0,4.0,3.0,3.0,2.0,4.0,1.0,1.0,1.0,1.0,1.0,1.0,1.0,1.0,6.0,3.0,3.0,4.0,1.0,1.0,1.0,3.0,4.0,6.0,4.0
2021-11-23,4.0,5.0,3.0,1.0,1.0,1.0,1.0,1.0,1.0,5.0,3.0,4.0,3.0,5.0,4.0,1.0,1.0,1.0,5.0,4.0,3.0,1.0,1.0,1.0,1.0,1.0,1.0,4.0,3.0,3.0,4.0,2.0,3.0,6.0,4.0,1.0,1.0,1.0,1.0,3.0,6.0,4.0,1.0,1.0,1.0,1.0
2021-11-24,5.0,3.0,4.0,3.0,4.0,5.0,3.0,5.0,4.0,4.0,5.0,3.0,5.0,4.0,3.0,3.0,5.0,4.0,3.0,5.0,4.0,3.0,5.0,4.0,2.0,4.0,3.0,2.0,4.0,2.0,2.0,3.0,4.0,3.0,6.0,4.0,4.0,6.0,3.0,4.0,3.0,6.0,6.0,3.0,4.0,6.0
2021-11-25,1.0,1.0,1.0,4.0,5.0,3.0,4.0,3.0,5.0,1.0,1.0,1.0,1.0,1.0,1.0,4.0,3.0,5.0,1.0,1.0,1.0,4.0,3.0,5.0,4.0,3.0,2.0,1.0,1.0,1.0,1.0,1.0,1.0,1.0,1.0,3.0,6.0,4.0,6.0,1.0,1.0,1.0,4.0,6.0,3.0,3.0
2021-11-26,3.0,4.0,5.0,1.0,1.0,1.0,1.0,1.0,1.0,3.0,4.0,5.0,4.0,3.0,5.0,1.0,1.0,1.0,4.0,3.0,5.0,1.0,1.0,1.0,1.0,1.0,1.0,3.0,2.0,4.0,3.0,4.0,6.0,4.0,3.0,1.0,1.0,1.0,1.0,6.0,4.0,3.0,1.0,1.0,1.0,1.0
2021-11-27,0.0,0.0,0.0,0.0,0.0,0.0,0.0,0.0,0.0,0.0,0.0,0.0,0.0,0.0,0.0,0.0,0.0,0.0,0.0,0.0,0.0,0.0,0.0,0.0,0.0,0.0,0.0,0.0,0.0,0.0,0.0,0.0,0.0,0.0,0.0,0.0,0.0,0.0,0.0,0.0,0.0,0.0,0.0,0.0,0.0,0.0
2021-11-28,0.0,0.0,0.0,0.0,0.0,0.0,0.0,0.0,0.0,0.0,0.0,0.0,0.0,0.0,0.0,0.0,0.0,0.0,0.0,0.0,0.0,0.0,0.0,0.0,0.0,0.0,0.0,0.0,0.0,0.0,0.0,0.0,0.0,0.0,0.0,0.0,0.0,0.0,0.0,0.0,0.0,0.0,0.0,0.0,0.0,0.0
2021-11-29,1.0,1.0,1.0,6.0,3.0,4.0,6.0,4.0,3.0,1.0,1.0,1.0,1.0,1.0,1.0,2.0,4.0,3.0,1.0,1.0,1.0,2.0,4.0,3.0,3.0,5.0,4.0,1.0,1.0,1.0,1.0,1.0,1.0,1.0,1.0,5.0,3.0,3.0,4.0,1.0,1.0,1.0,3.0,4.0,5.0,4.0
2021-11-30,4.0,6.0,3.0,1.0,1.0,1.0,1.0,1.0,1.0,6.0,3.0,4.0,3.0,2.0,4.0,1.0,1.0,1.0,2.0,4.0,3.0,1.0,1.0,1.0,1.0,1.0,1.0,4.0,3.0,3.0,4.0,5.0,3.0,5.0,4.0,1.0,1.0,1.0,1.0,3.0,5.0,4.0,1.0,1.0,1.0,1.0
2021-12-01,6.0,3.0,4.0,3.0,4.0,6.0,3.0,6.0,4.0,4.0,6.0,3.0,2.0,4.0,3.0,3.0,2.0,4.0,3.0,2.0,4.0,3.0,2.0,4.0,5.0,4.0,3.0,5.0,4.0,5.0,5.0,3.0,4.0,3.0,5.0,4.0,4.0,5.0,3.0,4.0,3.0,5.0,5.0,3.0,4.0,5.0
2021-12-02,1.0,1.0,1.0,4.0,6.0,3.0,4.0,3.0,6.0,1.0,1.0,1.0,1.0,1.0,1.0,4.0,3.0,2.0,1.0,1.0,1.0,4.0,3.0,2.0,4.0,3.0,5.0,1.0,1.0,1.0,1.0,1.0,1.0,1.0,1.0,3.0,5.0,4.0,5.0,1.0,1.0,1.0,4.0,5.0,3.0,3.0
2021-12-03,3.0,4.0,6.0,1.0,1.0,1.0,1.0,1.0,1.0,3.0,4.0,6.0,4.0,3.0,2.0,1.0,1.0,1.0,4.0,3.0,2.0,1.0,1.0,1.0,1.0,1.0,1.0,3.0,5.0,4.0,3.0,4.0,5.0,4.0,3.0,1.0,1.0,1.0,1.0,5.0,4.0,3.0,1.0,1.0,1.0,1.0
2021-12-04,0.0,0.0,0.0,0.0,0.0,0.0,0.0,0.0,0.0,0.0,0.0,0.0,0.0,0.0,0.0,0.0,0.0,0.0,0.0,0.0,0.0,0.0,0.0,0.0,0.0,0.0,0.0,0.0,0.0,0.0,0.0,0.0,0.0,0.0,0.0,0.0,0.0,0.0,0.0,0.0,0.0,0.0,0.0,0.0,0.0,0.0
2021-12-05,0.0,0.0,0.0,0.0,0.0,0.0,0.0,0.0,0.0,0.0,0.0,0.0,0.0,0.0,0.0,0.0,0.0,0.0,0.0,0.0,0.0,0.0,0.0,0.0,0.0,0.0,0.0,0.0,0.0,0.0,0.0,0.0,0.0,0.0,0.0,0.0,0.0,0.0,0.0,0.0,0.0,0.0,0.0,0.0,0.0,0.0
2021-12-06,1.0,1.0,1.0,5.0,3.0,4.0,5.0,4.0,3.0,1.0,1.0,1.0,1.0,1.0,1.0,5.0,4.0,3.0,1.0,1.0,1.0,5.0,4.0,3.0,3.0,6.0,4.0,1.0,1.0,1.0,1.0,1.0,1.0,1.0,1.0,2.0,3.0,3.0,4.0,1.0,1.0,1.0,3.0,4.0,2.0,4.0
2021-12-07,4.0,5.0,3.0,1.0,1.0,1.0,1.0,1.0,1.0,5.0,3.0,4.0,3.0,5.0,4.0,1.0,1.0,1.0,5.0,4.0,3.0,1.0,1.0,1.0,1.0,1.0,1.0,4.0,3.0,3.0,4.0,6.0,3.0,2.0,4.0,1.0,1.0,1.0,1.0,3.0,2.0,4.0,1.0,1.0,1.0,1.0
2021-12-08,5.0,3.0,4.0,3.0,4.0,5.0,3.0,5.0,4.0,4.0,5.0,3.0,5.0,4.0,3.0,3.0,5.0,4.0,3.0,5.0,4.0,3.0,5.0,4.0,6.0,4.0,3.0,6.0,4.0,6.0,6.0,3.0,4.0,3.0,2.0,4.0,4.0,2.0,3.0,4.0,3.0,2.0,2.0,3.0,4.0,2.0
2021-12-09,1.0,1.0,1.0,4.0,5.0,3.0,4.0,3.0,5.0,1.0,1.0,1.0,1.0,1.0,1.0,4.0,3.0,5.0,1.0,1.0,1.0,4.0,3.0,5.0,4.0,3.0,6.0,1.0,1.0,1.0,1.0,1.0,1.0,1.0,1.0,3.0,2.0,4.0,2.0,1.0,1.0,1.0,4.0,2.0,3.0,3.0
2021-12-10,3.0,4.0,5.0,1.0,1.0,1.0,1.0,1.0,1.0,3.0,4.0,5.0,4.0,3.0,5.0,1.0,1.0,1.0,4.0,3.0,5.0,1.0,1.0,1.0,1.0,1.0,1.0,3.0,6.0,4.0,3.0,4.0,2.0,4.0,3.0,1.0,1.0,1.0,1.0,2.0,4.0,3.0,1.0,1.0,1.0,1.0
2021-12-11,0.0,0.0,0.0,0.0,0.0,0.0,0.0,0.0,0.0,0.0,0.0,0.0,0.0,0.0,0.0,0.0,0.0,0.0,0.0,0.0,0.0,0.0,0.0,0.0,0.0,0.0,0.0,0.0,0.0,0.0,0.0,0.0,0.0,0.0,0.0,0.0,0.0,0.0,0.0,0.0,0.0,0.0,0.0,0.0,0.0,0.0
2021-12-12,0.0,0.0,0.0,0.0,0.0,0.0,0.0,0.0,0.0,0.0,0.0,0.0,0.0,0.0,0.0,0.0,0.0,0.0,0.0,0.0,0.0,0.0,0.0,0.0,0.0,0.0,0.0,0.0,0.0,0.0,0.0,0.0,0.0,0.0,0.0,0.0,0.0,0.0,0.0,0.0,0.0,0.0,0.0,0.0,0.0,0.0
2021-12-13,1.0,1.0,1.0,2.0,3.0,4.0,2.0,4.0,3.0,1.0,1.0,1.0,1.0,1.0,1.0,0.0,4.0,3.0,1.0,1.0,1.0,0.0,4.0,3.0,3.0,5.0,4.0,1.0,1.0,1.0,1.0,1.0,1.0,1.0,1.0,5.0,3.0,3.0,4.0,1.0,1.0,1.0,3.0,4.0,5.0,4.0
2021-12-14,4.0,2.0,3.0,1.0,1.0,1.0,1.0,1.0,1.0,2.0,3.0,4.0,3.0,0.0,4.0,1.0,1.0,1.0,0.0,4.0,3.0,1.0,1.0,1.0,1.0,1.0,1.0,4.0,3.0,3.0,4.0,5.0,3.0,5.0,4.0,1.0,1.0,1.0,1.0,3.0,5.0,4.0,1.0,1.0,1.0,1.0
2021-12-15,2.0,3.0,4.0,3.0,4.0,2.0,3.0,2.0,4.0,4.0,2.0,3.0,0.0,4.0,3.0,3.0,0.0,4.0,3.0,0.0,4.0,3.0,0.0,4.0,5.0,4.0,3.0,5.0,4.0,5.0,5.0,3.0,4.0,3.0,5.0,4.0,4.0,5.0,3.0,4.0,3.0,5.0,5.0,3.0,4.0,5.0
2021-12-16,1.0,1.0,1.0,4.0,2.0,3.0,4.0,3.0,2.0,1.0,1.0,1.0,1.0,1.0,1.0,4.0,3.0,0.0,1.0,1.0,1.0,4.0,3.0,0.0,4.0,3.0,5.0,1.0,1.0,1.0,1.0,1.0,1.0,1.0,1.0,3.0,5.0,4.0,5.0,1.0,1.0,1.0,4.0,5.0,3.0,3.0
2021-12-17,3.0,4.0,2.0,1.0,1.0,1.0,1.0,1.0,1.0,3.0,4.0,2.0,4.0,3.0,0.0,1.0,1.0,1.0,4.0,3.0,0.0,1.0,1.0,1.0,1.0,1.0,1.0,3.0,5.0,4.0,3.0,4.0,5.0,4.0,3.0,1.0,1.0,1.0,1.0,5.0,4.0,3.0,1.0,1.0,1.0,1.0
2021-12-18,0.0,0.0,0.0,0.0,0.0,0.0,0.0,0.0,0.0,0.0,0.0,0.0,0.0,0.0,0.0,0.0,0.0,0.0,0.0,0.0,0.0,0.0,0.0,0.0,0.0,0.0,0.0,0.0,0.0,0.0,0.0,0.0,0.0,0.0,0.0,0.0,0.0,0.0,0.0,0.0,0.0,0.0,0.0,0.0,0.0,0.0
2021-12-19,0.0,0.0,0.0,0.0,0.0,0.0,0.0,0.0,0.0,0.0,0.0,0.0,0.0,0.0,0.0,0.0,0.0,0.0,0.0,0.0,0.0,0.0,0.0,0.0,0.0,0.0,0.0,0.0,0.0,0.0,0.0,0.0,0.0,0.0,0.0,0.0,0.0,0.0,0.0,0.0,0.0,0.0,0.0,0.0,0.0,0.0
2021-12-20,1.0,1.0,1.0,5.0,3.0,4.0,5.0,4.0,3.0,1.0,1.0,1.0,1.0,1.0,1.0,5.0,4.0,3.0,1.0,1.0,1.0,5.0,4.0,3.0,3.0,2.0,4.0,1.0,1.0,1.0,1.0,1.0,1.0,1.0,1.0,0.0,3.0,3.0,4.0,1.0,1.0,1.0,3.0,4.0,0.0,4.0
2021-12-21,4.0,5.0,3.0,1.0,1.0,1.0,1.0,1.0,1.0,5.0,3.0,4.0,3.0,5.0,4.0,1.0,1.0,1.0,5.0,4.0,3.0,1.0,1.0,1.0,1.0,1.0,1.0,4.0,3.0,3.0,4.0,2.0,3.0,0.0,4.0,1.0,1.0,1.0,1.0,3.0,0.0,4.0,1.0,1.0,1.0,1.0
2021-12-22,5.0,3.0,4.0,3.0,4.0,5.0,3.0,5.0,4.0,4.0,5.0,3.0,5.0,4.0,3.0,3.0,5.0,4.0,3.0,5.0,4.0,3.0,5.0,4.0,2.0,4.0,3.0,2.0,4.0,2.0,2.0,3.0,4.0,3.0,0.0,4.0,4.0,0.0,3.0,4.0,3.0,0.0,0.0,3.0,4.0,0.0
2021-12-23,1.0,1.0,1.0,4.0,5.0,3.0,4.0,3.0,5.0,1.0,1.0,1.0,1.0,1.0,1.0,4.0,3.0,5.0,1.0,1.0,1.0,4.0,3.0,5.0,4.0,3.0,2.0,1.0,1.0,1.0,1.0,1.0,1.0,1.0,1.0,3.0,0.0,4.0,0.0,1.0,1.0,1.0,4.0,0.0,3.0,3.0
2021-12-24,3.0,4.0,5.0,1.0,1.0,1.0,1.0,1.0,1.0,3.0,4.0,5.0,4.0,3.0,5.0,1.0,1.0,1.0,4.0,3.0,5.0,1.0,1.0,1.0,1.0,1.0,1.0,3.0,2.0,4.0,3.0,4.0,0.0,4.0,3.0,1.0,1.0,1.0,1.0,0.0,4.0,3.0,1.0,1.0,1.0,1.0
2021-12-25,0.0,0.0,0.0,0.0,0.0,0.0,0.0,0.0,0.0,0.0,0.0,0.0,0.0,0.0,0.0,0.0,0.0,0.0,0.0,0.0,0.0,0.0,0.0,0.0,0.0,0.0,0.0,0.0,0.0,0.0,0.0,0.0,0.0,0.0,0.0,0.0,0.0,0.0,0.0,0.0,0.0,0.0,0.0,0.0,0.0,0.0
2021-12-26,0.0,0.0,0.0,0.0,0.0,0.0,0.0,0.0,0.0,0.0,0.0,0.0,0.0,0.0,0.0,0.0,0.0,0.0,0.0,0.0,0.0,0.0,0.0,0.0,0.0,0.0,0.0,0.0,0.0,0.0,0.0,0.0,0.0,0.0,0.0,0.0,0.0,0.0,0.0,0.0,0.0,0.0,0.0,0.0,0.0,0.0
2021-12-27,1.0,1.0,1.0,0.0,3.0,4.0,0.0,4.0,3.0,1.0,1.0,1.0,1.0,1.0,1.0,2.0,4.0,3.0,1.0,1.0,1.0,2.0,4.0,3.0,3.0,5.0,4.0,1.0,1.0,1.0,1.0,1.0,1.0,1.0,1.0,5.0,3.0,3.0,4.0,1.0,1.0,1.0,3.0,4.0,5.0,4.0
2021-12-28,4.0,0.0,3.0,1.0,1.0,1.0,1.0,1.0,1.0,0.0,3.0,4.0,3.0,2.0,4.0,1.0,1.0,1.0,2.0,4.0,3.0,1.0,1.0,1.0,1.0,1.0,1.0,4.0,3.0,3.0,4.0,5.0,3.0,5.0,4.0,1.0,1.0,1.0,1.0,3.0,5.0,4.0,1.0,1.0,1.0,1.0
2021-12-29,0.0,3.0,4.0,3.0,4.0,0.0,3.0,0.0,4.0,4.0,0.0,3.0,2.0,4.0,3.0,3.0,2.0,4.0,3.0,2.0,4.0,3.0,2.0,4.0,5.0,4.0,3.0,5.0,4.0,5.0,5.0,3.0,4.0,3.0,5.0,4.0,4.0,5.0,3.0,4.0,3.0,5.0,5.0,3.0,4.0,5.0
2021-12-30,1.0,1.0,1.0,4.0,0.0,3.0,4.0,3.0,0.0,1.0,1.0,1.0,1.0,1.0,1.0,4.0,3.0,2.0,1.0,1.0,1.0,4.0,3.0,2.0,4.0,3.0,5.0,1.0,1.0,1.0,1.0,1.0,1.0,1.0,1.0,3.0,5.0,4.0,5.0,1.0,1.0,1.0,4.0,5.0,3.0,3.0
2021-12-31,0.0,0.0,0.0,0.0,0.0,0.0,0.0,0.0,0.0,0.0,0.0,0.0,0.0,0.0,0.0,0.0,0.0,0.0,0.0,0.0,0.0,0.0,0.0,0.0,0.0,0.0,0.0,0.0,0.0,0.0,0.0,0.0,0.0,0.0,0.0,0.0,0.0,0.0,0.0,0.0,0.0,0.0,0.0,0.0,0.0,0.0
2022-01-01,0.0,0.0,0.0,0.0,0.0,0.0,0.0,0.0,0.0,0.0,0.0,0.0,0.0,0.0,0.0,0.0,0.0,0.0,0.0,0.0,0.0,0.0,0.0,0.0,0.0,0.0,0.0,0.0,0.0,0.0,0.0,0.0,0.0,0.0,0.0,0.0,0.0,0.0,0.0,0.0,0.0,0.0,0.0,0.0,0.0,0.0
2022-01-02,0.0,0.0,0.0,0.0,0.0,0.0,0.0,0.0,0.0,0.0,0.0,0.0,0.0,0.0,0.0,0.0,0.0,0.0,0.0,0.0,0.0,0.0,0.0,0.0,0.0,0.0,0.0,0.0,0.0,0.0,0.0,0.0,0.0,0.0,0.0,0.0,0.0,0.0,0.0,0.0,0.0,0.0,0.0,0.0,0.0,0.0
2022-01-03,0.0,0.0,0.0,0.0,0.0,0.0,0.0,0.0,0.0,0.0,0.0,0.0,0.0,0.0,0.0,0.0,0.0,0.0,0.0,0.0,0.0,0.0,0.0,0.0,0.0,0.0,0.0,0.0,0.0,0.0,0.0,0.0,0.0,0.0,0.0,0.0,0.0,0.0,0.0,0.0,0.0,0.0,0.0,0.0,0.0,0.0
2022-01-04,4.0,0.0,3.0,1.0,1.0,1.0,1.0,1.0,1.0,0.0,3.0,4.0,3.0,0.0,4.0,1.0,1.0,1.0,0.0,4.0,3.0,1.0,1.0,1.0,1.0,1.0,1.0,4.0,3.0,3.0,4.0,0.0,3.0,0.0,4.0,1.0,1.0,1.0,1.0,3.0,0.0,4.0,1.0,1.0,1.0,1.0
2022-01-05,0.0,3.0,4.0,3.0,4.0,0.0,3.0,0.0,4.0,4.0,0.0,3.0,0.0,4.0,3.0,3.0,0.0,4.0,3.0,0.0,4.0,3.0,0.0,4.0,0.0,4.0,3.0,0.0,4.0,0.0,0.0,3.0,4.0,3.0,0.0,4.0,4.0,0.0,3.0,4.0,3.0,0.0,0.0,3.0,4.0,0.0
2022-01-06,1.0,1.0,1.0,4.0,0.0,3.0,4.0,3.0,0.0,1.0,1.0,1.0,1.0,1.0,1.0,4.0,3.0,0.0,1.0,1.0,1.0,4.0,3.0,0.0,4.0,3.0,0.0,1.0,1.0,1.0,1.0,1.0,1.0,1.0,1.0,3.0,0.0,4.0,0.0,1.0,1.0,1.0,4.0,0.0,3.0,3.0
2022-01-07,3.0,4.0,0.0,1.0,1.0,1.0,1.0,1.0,1.0,3.0,4.0,0.0,4.0,3.0,2.0,1.0,1.0,1.0,4.0,3.0,2.0,1.0,1.0,1.0,1.0,1.0,1.0,3.0,5.0,4.0,3.0,4.0,5.0,4.0,3.0,1.0,1.0,1.0,1.0,5.0,4.0,3.0,1.0,1.0,1.0,1.0
2022-01-08,0.0,0.0,0.0,0.0,0.0,0.0,0.0,0.0,0.0,0.0,0.0,0.0,0.0,0.0,0.0,0.0,0.0,0.0,0.0,0.0,0.0,0.0,0.0,0.0,0.0,0.0,0.0,0.0,0.0,0.0,0.0,0.0,0.0,0.0,0.0,0.0,0.0,0.0,0.0,0.0,0.0,0.0,0.0,0.0,0.0,0.0
2022-01-09,0.0,0.0,0.0,0.0,0.0,0.0,0.0,0.0,0.0,0.0,0.0,0.0,0.0,0.0,0.0,0.0,0.0,0.0,0.0,0.0,0.0,0.0,0.0,0.0,0.0,0.0,0.0,0.0,0.0,0.0,0.0,0.0,0.0,0.0,0.0,0.0,0.0,0.0,0.0,0.0,0.0,0.0,0.0,0.0,0.0,0.0
2022-01-10,1.0,1.0,1.0,5.0,3.0,4.0,5.0,4.0,3.0,1.0,1.0,1.0,1.0,1.0,1.0,5.0,4.0,3.0,1.0,1.0,1.0,5.0,4.0,3.0,3.0,0.0,4.0,1.0,1.0,1.0,1.0,1.0,1.0,1.0,1.0,2.0,3.0,3.0,4.0,1.0,1.0,1.0,3.0,4.0,2.0,4.0
2022-01-11,4.0,5.0,3.0,1.0,1.0,1.0,1.0,1.0,1.0,5.0,3.0,4.0,3.0,5.0,4.0,1.0,1.0,1.0,5.0,4.0,3.0,1.0,1.0,1.0,1.0,1.0,1.0,4.0,3.0,3.0,4.0,0.0,3.0,2.0,4.0,1.0,1.0,1.0,1.0,3.0,2.0,4.0,1.0,1.0,1.0,1.0
2022-01-12,5.0,3.0,4.0,3.0,4.0,5.0,3.0,5.0,4.0,4.0,5.0,3.0,5.0,4.0,3.0,3.0,5.0,4.0,3.0,5.0,4.0,3.0,5.0,4.0,0.0,4.0,3.0,0.0,4.0,0.0,0.0,3.0,4.0,3.0,2.0,4.0,4.0,2.0,3.0,4.0,3.0,2.0,2.0,3.0,4.0,2.0
2022-01-13,1.0,1.0,1.0,4.0,5.0,3.0,4.0,3.0,5.0,1.0,1.0,1.0,1.0,1.0,1.0,4.0,3.0,5.0,1.0,1.0,1.0,4.0,3.0,5.0,4.0,3.0,0.0,1.0,1.0,1.0,1.0,1.0,1.0,1.0,1.0,3.0,2.0,4.0,2.0,1.0,1.0,1.0,4.0,2.0,3.0,3.0
2022-01-14,3.0,4.0,5.0,1.0,1.0,1.0,1.0,1.0,1.0,3.0,4.0,5.0,4.0,3.0,5.0,1.0,1.0,1.0,4.0,3.0,5.0,1.0,1.0,1.0,1.0,1.0,1.0,3.0,0.0,4.0,3.0,4.0,2.0,4.0,3.0,1.0,1.0,1.0,1.0,2.0,4.0,3.0,1.0,1.0,1.0,1.0
2022-01-15,0.0,0.0,0.0,0.0,0.0,0.0,0.0,0.0,0.0,0.0,0.0,0.0,0.0,0.0,0.0,0.0,0.0,0.0,0.0,0.0,0.0,0.0,0.0,0.0,0.0,0.0,0.0,0.0,0.0,0.0,0.0,0.0,0.0,0.0,0.0,0.0,0.0,0.0,0.0,0.0,0.0,0.0,0.0,0.0,0.0,0.0
2022-01-16,0.0,0.0,0.0,0.0,0.0,0.0,0.0,0.0,0.0,0.0,0.0,0.0,0.0,0.0,0.0,0.0,0.0,0.0,0.0,0.0,0.0,0.0,0.0,0.0,0.0,0.0,0.0,0.0,0.0,0.0,0.0,0.0,0.0,0.0,0.0,0.0,0.0,0.0,0.0,0.0,0.0,0.0,0.0,0.0,0.0,0.0
2022-01-17,1.0,1.0,1.0,2.0,3.0,4.0,2.0,4.0,3.0,1.0,1.0,1.0,1.0,1.0,1.0,0.0,4.0,3.0,1.0,1.0,1.0,0.0,4.0,3.0,3.0,5.0,4.0,1.0,1.0,1.0,1.0,1.0,1.0,1.0,1.0,5.0,3.0,3.0,4.0,1.0,1.0,1.0,3.0,4.0,5.0,4.0
2022-01-18,4.0,2.0,3.0,1.0,1.0,1.0,1.0,1.0,1.0,2.0,3.0,4.0,3.0,0.0,4.0,1.0,1.0,1.0,0.0,4.0,3.0,1.0,1.0,1.0,1.0,1.0,1.0,4.0,3.0,3.0,4.0,5.0,3.0,5.0,4.0,1.0,1.0,1.0,1.0,3.0,5.0,4.0,1.0,1.0,1.0,1.0
2022-01-19,2.0,3.0,4.0,3.0,4.0,2.0,3.0,2.0,4.0,4.0,2.0,3.0,0.0,4.0,3.0,3.0,0.0,4.0,3.0,0.0,4.0,3.0,0.0,4.0,5.0,4.0,3.0,5.0,4.0,5.0,5.0,3.0,4.0,3.0,5.0,4.0,4.0,5.0,3.0,4.0,3.0,5.0,5.0,3.0,4.0,5.0
2022-01-20,1.0,1.0,1.0,4.0,2.0,3.0,4.0,3.0,2.0,1.0,1.0,1.0,1.0,1.0,1.0,4.0,3.0,0.0,1.0,1.0,1.0,4.0,3.0,0.0,4.0,3.0,5.0,1.0,1.0,1.0,1.0,1.0,1.0,1.0,1.0,3.0,5.0,4.0,5.0,1.0,1.0,1.0,4.0,5.0,3.0,3.0
2022-01-21,3.0,4.0,2.0,1.0,1.0,1.0,1.0,1.0,1.0,3.0,4.0,2.0,4.0,3.0,0.0,1.0,1.0,1.0,4.0,3.0,0.0,1.0,1.0,1.0,1.0,1.0,1.0,3.0,5.0,4.0,3.0,4.0,5.0,4.0,3.0,1.0,1.0,1.0,1.0,5.0,4.0,3.0,1.0,1.0,1.0,1.0
2022-01-22,0.0,0.0,0.0,0.0,0.0,0.0,0.0,0.0,0.0,0.0,0.0,0.0,0.0,0.0,0.0,0.0,0.0,0.0,0.0,0.0,0.0,0.0,0.0,0.0,0.0,0.0,0.0,0.0,0.0,0.0,0.0,0.0,0.0,0.0,0.0,0.0,0.0,0.0,0.0,0.0,0.0,0.0,0.0,0.0,0.0,0.0
2022-01-23,0.0,0.0,0.0,0.0,0.0,0.0,0.0,0.0,0.0,0.0,0.0,0.0,0.0,0.0,0.0,0.0,0.0,0.0,0.0,0.0,0.0,0.0,0.0,0.0,0.0,0.0,0.0,0.0,0.0,0.0,0.0,0.0,0.0,0.0,0.0,0.0,0.0,0.0,0.0,0.0,0.0,0.0,0.0,0.0,0.0,0.0
2022-01-24,1.0,1.0,1.0,5.0,3.0,4.0,5.0,4.0,3.0,1.0,1.0,1.0,1.0,1.0,1.0,5.0,4.0,3.0,1.0,1.0,1.0,5.0,4.0,3.0,3.0,2.0,4.0,1.0,1.0,1.0,1.0,1.0,1.0,1.0,1.0,0.0,3.0,3.0,4.0,1.0,1.0,1.0,3.0,4.0,0.0,4.0
2022-01-25,4.0,5.0,3.0,1.0,1.0,1.0,1.0,1.0,1.0,5.0,3.0,4.0,3.0,5.0,4.0,1.0,1.0,1.0,5.0,4.0,3.0,1.0,1.0,1.0,1.0,1.0,1.0,4.0,3.0,3.0,4.0,2.0,3.0,0.0,4.0,1.0,1.0,1.0,1.0,3.0,0.0,4.0,1.0,1.0,1.0,1.0
2022-01-26,5.0,3.0,4.0,3.0,4.0,5.0,3.0,5.0,4.0,4.0,5.0,3.0,5.0,4.0,3.0,3.0,5.0,4.0,3.0,5.0,4.0,3.0,5.0,4.0,2.0,4.0,3.0,2.0,4.0,2.0,2.0,3.0,4.0,3.0,0.0,4.0,4.0,0.0,3.0,4.0,3.0,0.0,0.0,3.0,4.0,0.0
2022-01-27,1.0,1.0,1.0,4.0,5.0,3.0,4.0,3.0,5.0,1.0,1.0,1.0,1.0,1.0,1.0,4.0,3.0,5.0,1.0,1.0,1.0,4.0,3.0,5.0,4.0,3.0,2.0,1.0,1.0,1.0,1.0,1.0,1.0,1.0,1.0,3.0,0.0,4.0,0.0,1.0,1.0,1.0,4.0,0.0,3.0,3.0
2022-01-28,3.0,4.0,5.0,1.0,1.0,1.0,1.0,1.0,1.0,3.0,4.0,5.0,4.0,3.0,5.0,1.0,1.0,1.0,4.0,3.0,5.0,1.0,1.0,1.0,1.0,1.0,1.0,3.0,2.0,4.0,3.0,4.0,0.0,4.0,3.0,1.0,1.0,1.0,1.0,0.0,4.0,3.0,1.0,1.0,1.0,1.0
2022-01-29,0.0,0.0,0.0,0.0,0.0,0.0,0.0,0.0,0.0,0.0,0.0,0.0,0.0,0.0,0.0,0.0,0.0,0.0,0.0,0.0,0.0,0.0,0.0,0.0,0.0,0.0,0.0,0.0,0.0,0.0,0.0,0.0,0.0,0.0,0.0,0.0,0.0,0.0,0.0,0.0,0.0,0.0,0.0,0.0,0.0,0.0
2022-01-30,0.0,0.0,0.0,0.0,0.0,0.0,0.0,0.0,0.0,0.0,0.0,0.0,0.0,0.0,0.0,0.0,0.0,0.0,0.0,0.0,0.0,0.0,0.0,0.0,0.0,0.0,0.0,0.0,0.0,0.0,0.0,0.0,0.0,0.0,0.0,0.0,0.0,0.0,0.0,0.0,0.0,0.0,0.0,0.0,0.0,0.0
2022-01-31,1.0,1.0,1.0,0.0,3.0,4.0,0.0,4.0,3.0,1.0,1.0,1.0,1.0,1.0,1.0,2.0,4.0,3.0,1.0,1.0,1.0,2.0,4.0,3.0,3.0,5.0,4.0,1.0,1.0,1.0,1.0,1.0,1.0,1.0,1.0,5.0,3.0,3.0,4.0,1.0,1.0,1.0,3.0,4.0,5.0,4.0
2022-02-01,4.0,0.0,3.0,1.0,1.0,1.0,1.0,1.0,1.0,0.0,3.0,4.0,3.0,2.0,4.0,1.0,1.0,1.0,2.0,4.0,3.0,1.0,1.0,1.0,1.0,1.0,1.0,4.0,3.0,3.0,4.0,5.0,3.0,5.0,4.0,1.0,1.0,1.0,1.0,3.0,5.0,4.0,1.0,1.0,1.0,1.0
2022-02-02,0.0,3.0,4.0,3.0,4.0,0.0,3.0,0.0,4.0,4.0,0.0,3.0,2.0,4.0,3.0,3.0,2.0,4.0,3.0,2.0,4.0,3.0,2.0,4.0,5.0,4.0,3.0,5.0,4.0,5.0,5.0,3.0,4.0,3.0,5.0,4.0,4.0,5.0,3.0,4.0,3.0,5.0,5.0,3.0,4.0,5.0
2022-02-03,1.0,1.0,1.0,4.0,0.0,3.0,4.0,3.0,0.0,1.0,1.0,1.0,1.0,1.0,1.0,4.0,3.0,2.0,1.0,1.0,1.0,4.0,3.0,2.0,4.0,3.0,5.0,1.0,1.0,1.0,1.0,1.0,1.0,1.0,1.0,3.0,5.0,4.0,5.0,1.0,1.0,1.0,4.0,5.0,3.0,3.0
2022-02-04,3.0,4.0,0.0,1.0,1.0,1.0,1.0,1.0,1.0,3.0,4.0,0.0,4.0,3.0,2.0,1.0,1.0,1.0,4.0,3.0,2.0,1.0,1.0,1.0,1.0,1.0,1.0,3.0,5.0,4.0,3.0,4.0,5.0,4.0,3.0,1.0,1.0,1.0,1.0,5.0,4.0,3.0,1.0,1.0,1.0,1.0
2022-02-05,0.0,0.0,0.0,0.0,0.0,0.0,0.0,0.0,0.0,0.0,0.0,0.0,0.0,0.0,0.0,0.0,0.0,0.0,0.0,0.0,0.0,0.0,0.0,0.0,0.0,0.0,0.0,0.0,0.0,0.0,0.0,0.0,0.0,0.0,0.0,0.0,0.0,0.0,0.0,0.0,0.0,0.0,0.0,0.0,0.0,0.0
2022-02-06,0.0,0.0,0.0,0.0,0.0,0.0,0.0,0.0,0.0,0.0,0.0,0.0,0.0,0.0,0.0,0.0,0.0,0.0,0.0,0.0,0.0,0.0,0.0,0.0,0.0,0.0,0.0,0.0,0.0,0.0,0.0,0.0,0.0,0.0,0.0,0.0,0.0,0.0,0.0,0.0,0.0,0.0,0.0,0.0,0.0,0.0
2022-02-07,1.0,1.0,1.0,5.0,3.0,4.0,5.0,4.0,3.0,1.0,1.0,1.0,1.0,1.0,1.0,5.0,4.0,3.0,1.0,1.0,1.0,5.0,4.0,3.0,3.0,0.0,4.0,1.0,1.0,1.0,1.0,1.0,1.0,1.0,1.0,2.0,3.0,3.0,4.0,1.0,1.0,1.0,3.0,4.0,2.0,4.0
2022-02-08,4.0,5.0,3.0,1.0,1.0,1.0,1.0,1.0,1.0,5.0,3.0,4.0,3.0,5.0,4.0,1.0,1.0,1.0,5.0,4.0,3.0,1.0,1.0,1.0,1.0,1.0,1.0,4.0,3.0,3.0,4.0,0.0,3.0,2.0,4.0,1.0,1.0,1.0,1.0,3.0,2.0,4.0,1.0,1.0,1.0,1.0
2022-02-09,5.0,3.0,4.0,3.0,4.0,5.0,3.0,5.0,4.0,4.0,5.0,3.0,5.0,4.0,3.0,3.0,5.0,4.0,3.0,5.0,4.0,3.0,5.0,4.0,0.0,4.0,3.0,0.0,4.0,0.0,0.0,3.0,4.0,3.0,2.0,4.0,4.0,2.0,3.0,4.0,3.0,2.0,2.0,3.0,4.0,2.0
2022-02-10,1.0,1.0,1.0,4.0,5.0,3.0,4.0,3.0,5.0,1.0,1.0,1.0,1.0,1.0,1.0,4.0,3.0,5.0,1.0,1.0,1.0,4.0,3.0,5.0,4.0,3.0,0.0,1.0,1.0,1.0,1.0,1.0,1.0,1.0,1.0,3.0,2.0,4.0,2.0,1.0,1.0,1.0,4.0,2.0,3.0,3.0
2022-02-11,3.0,4.0,5.0,1.0,1.0,1.0,1.0,1.0,1.0,3.0,4.0,5.0,4.0,3.0,5.0,1.0,1.0,1.0,4.0,3.0,5.0,1.0,1.0,1.0,1.0,1.0,1.0,3.0,0.0,4.0,3.0,4.0,2.0,4.0,3.0,1.0,1.0,1.0,1.0,2.0,4.0,3.0,1.0,1.0,1.0,1.0
2022-02-12,0.0,0.0,0.0,0.0,0.0,0.0,0.0,0.0,0.0,0.0,0.0,0.0,0.0,0.0,0.0,0.0,0.0,0.0,0.0,0.0,0.0,0.0,0.0,0.0,0.0,0.0,0.0,0.0,0.0,0.0,0.0,0.0,0.0,0.0,0.0,0.0,0.0,0.0,0.0,0.0,0.0,0.0,0.0,0.0,0.0,0.0
2022-02-13,0.0,0.0,0.0,0.0,0.0,0.0,0.0,0.0,0.0,0.0,0.0,0.0,0.0,0.0,0.0,0.0,0.0,0.0,0.0,0.0,0.0,0.0,0.0,0.0,0.0,0.0,0.0,0.0,0.0,0.0,0.0,0.0,0.0,0.0,0.0,0.0,0.0,0.0,0.0,0.0,0.0,0.0,0.0,0.0,0.0,0.0
2022-02-14,1.0,1.0,1.0,2.0,3.0,4.0,2.0,4.0,3.0,1.0,1.0,1.0,1.0,1.0,1.0,0.0,4.0,3.0,1.0,1.0,1.0,0.0,4.0,3.0,3.0,5.0,4.0,1.0,1.0,1.0,1.0,1.0,1.0,1.0,1.0,5.0,3.0,3.0,4.0,1.0,1.0,1.0,3.0,4.0,5.0,4.0
2022-02-15,4.0,2.0,3.0,1.0,1.0,1.0,1.0,1.0,1.0,2.0,3.0,4.0,3.0,0.0,4.0,1.0,1.0,1.0,0.0,4.0,3.0,1.0,1.0,1.0,1.0,1.0,1.0,4.0,3.0,3.0,4.0,5.0,3.0,5.0,4.0,1.0,1.0,1.0,1.0,3.0,5.0,4.0,1.0,1.0,1.0,1.0
2022-02-16,2.0,3.0,4.0,3.0,4.0,2.0,3.0,2.0,4.0,4.0,2.0,3.0,0.0,4.0,3.0,3.0,0.0,4.0,3.0,0.0,4.0,3.0,0.0,4.0,5.0,4.0,3.0,5.0,4.0,5.0,5.0,3.0,4.0,3.0,5.0,4.0,4.0,5.0,3.0,4.0,3.0,5.0,5.0,3.0,4.0,5.0
2022-02-17,1.0,1.0,1.0,4.0,2.0,3.0,4.0,3.0,2.0,1.0,1.0,1.0,1.0,1.0,1.0,4.0,3.0,0.0,1.0,1.0,1.0,4.0,3.0,0.0,4.0,3.0,5.0,1.0,1.0,1.0,1.0,1.0,1.0,1.0,1.0,3.0,5.0,4.0,5.0,1.0,1.0,1.0,4.0,5.0,3.0,3.0
2022-02-18,3.0,4.0,2.0,1.0,1.0,1.0,1.0,1.0,1.0,3.0,4.0,2.0,4.0,3.0,0.0,1.0,1.0,1.0,4.0,3.0,0.0,1.0,1.0,1.0,1.0,1.0,1.0,3.0,5.0,4.0,3.0,4.0,5.0,4.0,3.0,1.0,1.0,1.0,1.0,5.0,4.0,3.0,1.0,1.0,1.0,1.0
2022-02-19,0.0,0.0,0.0,0.0,0.0,0.0,0.0,0.0,0.0,0.0,0.0,0.0,0.0,0.0,0.0,0.0,0.0,0.0,0.0,0.0,0.0,0.0,0.0,0.0,0.0,0.0,0.0,0.0,0.0,0.0,0.0,0.0,0.0,0.0,0.0,0.0,0.0,0.0,0.0,0.0,0.0,0.0,0.0,0.0,0.0,0.0
2022-02-20,0.0,0.0,0.0,0.0,0.0,0.0,0.0,0.0,0.0,0.0,0.0,0.0,0.0,0.0,0.0,0.0,0.0,0.0,0.0,0.0,0.0,0.0,0.0,0.0,0.0,0.0,0.0,0.0,0.0,0.0,0.0,0.0,0.0,0.0,0.0,0.0,0.0,0.0,0.0,0.0,0.0,0.0,0.0,0.0,0.0,0.0
2022-02-21,1.0,1.0,1.0,5.0,3.0,4.0,5.0,4.0,3.0,1.0,1.0,1.0,1.0,1.0,1.0,5.0,4.0,3.0,1.0,1.0,1.0,5.0,4.0,3.0,3.0,2.0,4.0,1.0,1.0,1.0,1.0,1.0,1.0,1.0,1.0,0.0,3.0,3.0,4.0,1.0,1.0,1.0,3.0,4.0,0.0,4.0
2022-02-22,4.0,5.0,3.0,1.0,1.0,1.0,1.0,1.0,1.0,5.0,3.0,4.0,3.0,5.0,4.0,1.0,1.0,1.0,5.0,4.0,3.0,1.0,1.0,1.0,1.0,1.0,1.0,4.0,3.0,3.0,4.0,2.0,3.0,0.0,4.0,1.0,1.0,1.0,1.0,3.0,0.0,4.0,1.0,1.0,1.0,1.0
2022-02-23,5.0,3.0,4.0,3.0,4.0,5.0,3.0,5.0,4.0,4.0,5.0,3.0,5.0,4.0,3.0,3.0,5.0,4.0,3.0,5.0,4.0,3.0,5.0,4.0,2.0,4.0,3.0,2.0,4.0,2.0,2.0,3.0,4.0,3.0,0.0,4.0,4.0,0.0,3.0,4.0,3.0,0.0,0.0,3.0,4.0,0.0
2022-02-24,1.0,1.0,1.0,4.0,5.0,3.0,4.0,3.0,5.0,1.0,1.0,1.0,1.0,1.0,1.0,4.0,3.0,5.0,1.0,1.0,1.0,4.0,3.0,5.0,4.0,3.0,2.0,1.0,1.0,1.0,1.0,1.0,1.0,1.0,1.0,3.0,0.0,4.0,0.0,1.0,1.0,1.0,4.0,0.0,3.0,3.0
2022-02-25,3.0,4.0,5.0,1.0,1.0,1.0,1.0,1.0,1.0,3.0,4.0,5.0,4.0,3.0,5.0,1.0,1.0,1.0,4.0,3.0,5.0,1.0,1.0,1.0,1.0,1.0,1.0,3.0,2.0,4.0,3.0,4.0,0.0,4.0,3.0,1.0,1.0,1.0,1.0,0.0,4.0,3.0,1.0,1.0,1.0,1.0
2022-02-26,0.0,0.0,0.0,0.0,0.0,0.0,0.0,0.0,0.0,0.0,0.0,0.0,0.0,0.0,0.0,0.0,0.0,0.0,0.0,0.0,0.0,0.0,0.0,0.0,0.0,0.0,0.0,0.0,0.0,0.0,0.0,0.0,0.0,0.0,0.0,0.0,0.0,0.0,0.0,0.0,0.0,0.0,0.0,0.0,0.0,0.0
2022-02-27,0.0,0.0,0.0,0.0,0.0,0.0,0.0,0.0,0.0,0.0,0.0,0.0,0.0,0.0,0.0,0.0,0.0,0.0,0.0,0.0,0.0,0.0,0.0,0.0,0.0,0.0,0.0,0.0,0.0,0.0,0.0,0.0,0.0,0.0,0.0,0.0,0.0,0.0,0.0,0.0,0.0,0.0,0.0,0.0,0.0,0.0
2022-02-28,1.0,1.0,1.0,0.0,3.0,4.0,0.0,4.0,3.0,1.0,1.0,1.0,1.0,1.0,1.0,2.0,4.0,3.0,1.0,1.0,1.0,2.0,4.0,3.0,3.0,5.0,4.0,1.0,1.0,1.0,1.0,1.0,1.0,1.0,1.0,5.0,3.0,3.0,4.0,1.0,1.0,1.0,3.0,4.0,5.0,4.0
2022-03-01,4.0,0.0,3.0,1.0,1.0,1.0,1.0,1.0,1.0,0.0,3.0,4.0,3.0,2.0,4.0,1.0,1.0,1.0,2.0,4.0,3.0,1.0,1.0,1.0,1.0,1.0,1.0,4.0,3.0,3.0,4.0,5.0,3.0,5.0,4.0,1.0,1.0,1.0,1.0,3.0,5.0,4.0,1.0,1.0,1.0,1.0
2022-03-02,0.0,3.0,4.0,3.0,4.0,0.0,3.0,0.0,4.0,4.0,0.0,3.0,2.0,4.0,3.0,3.0,2.0,4.0,3.0,2.0,4.0,3.0,2.0,4.0,5.0,4.0,3.0,5.0,4.0,5.0,5.0,3.0,4.0,3.0,5.0,4.0,4.0,5.0,3.0,4.0,3.0,5.0,5.0,3.0,4.0,5.0
2022-03-03,1.0,1.0,1.0,4.0,0.0,3.0,4.0,3.0,0.0,1.0,1.0,1.0,1.0,1.0,1.0,4.0,3.0,2.0,1.0,1.0,1.0,4.0,3.0,2.0,4.0,3.0,5.0,1.0,1.0,1.0,1.0,1.0,1.0,1.0,1.0,3.0,5.0,4.0,5.0,1.0,1.0,1.0,4.0,5.0,3.0,3.0
2022-03-04,3.0,4.0,0.0,1.0,1.0,1.0,1.0,1.0,1.0,3.0,4.0,0.0,4.0,3.0,2.0,1.0,1.0,1.0,4.0,3.0,2.0,1.0,1.0,1.0,1.0,1.0,1.0,3.0,5.0,4.0,3.0,4.0,5.0,4.0,3.0,1.0,1.0,1.0,1.0,5.0,4.0,3.0,1.0,1.0,1.0,1.0
2022-03-05,0.0,0.0,0.0,0.0,0.0,0.0,0.0,0.0,0.0,0.0,0.0,0.0,0.0,0.0,0.0,0.0,0.0,0.0,0.0,0.0,0.0,0.0,0.0,0.0,0.0,0.0,0.0,0.0,0.0,0.0,0.0,0.0,0.0,0.0,0.0,0.0,0.0,0.0,0.0,0.0,0.0,0.0,0.0,0.0,0.0,0.0
2022-03-06,0.0,0.0,0.0,0.0,0.0,0.0,0.0,0.0,0.0,0.0,0.0,0.0,0.0,0.0,0.0,0.0,0.0,0.0,0.0,0.0,0.0,0.0,0.0,0.0,0.0,0.0,0.0,0.0,0.0,0.0,0.0,0.0,0.0,0.0,0.0,0.0,0.0,0.0,0.0,0.0,0.0,0.0,0.0,0.0,0.0,0.0
2022-03-07,1.0,1.0,1.0,5.0,3.0,4.0,5.0,4.0,3.0,1.0,1.0,1.0,1.0,1.0,1.0,5.0,4.0,3.0,1.0,1.0,1.0,5.0,4.0,3.0,3.0,0.0,4.0,1.0,1.0,1.0,1.0,1.0,1.0,1.0,1.0,2.0,3.0,3.0,4.0,1.0,1.0,1.0,3.0,4.0,2.0,4.0
2022-03-08,4.0,5.0,3.0,1.0,1.0,1.0,1.0,1.0,1.0,5.0,3.0,4.0,3.0,5.0,4.0,1.0,1.0,1.0,5.0,4.0,3.0,1.0,1.0,1.0,1.0,1.0,1.0,4.0,3.0,3.0,4.0,0.0,3.0,2.0,4.0,1.0,1.0,1.0,1.0,3.0,2.0,4.0,1.0,1.0,1.0,1.0
2022-03-09,5.0,3.0,4.0,3.0,4.0,5.0,3.0,5.0,4.0,4.0,5.0,3.0,5.0,4.0,3.0,3.0,5.0,4.0,3.0,5.0,4.0,3.0,5.0,4.0,0.0,4.0,3.0,0.0,4.0,0.0,0.0,3.0,4.0,3.0,2.0,4.0,4.0,2.0,3.0,4.0,3.0,2.0,2.0,3.0,4.0,2.0
2022-03-10,1.0,1.0,1.0,4.0,5.0,3.0,4.0,3.0,5.0,1.0,1.0,1.0,1.0,1.0,1.0,4.0,3.0,5.0,1.0,1.0,1.0,4.0,3.0,5.0,4.0,3.0,0.0,1.0,1.0,1.0,1.0,1.0,1.0,1.0,1.0,3.0,2.0,4.0,2.0,1.0,1.0,1.0,4.0,2.0,3.0,3.0
2022-03-11,3.0,4.0,5.0,1.0,1.0,1.0,1.0,1.0,1.0,3.0,4.0,5.0,4.0,3.0,5.0,1.0,1.0,1.0,4.0,3.0,5.0,1.0,1.0,1.0,1.0,1.0,1.0,3.0,0.0,4.0,3.0,4.0,2.0,4.0,3.0,1.0,1.0,1.0,1.0,2.0,4.0,3.0,1.0,1.0,1.0,1.0
2022-03-12,0.0,0.0,0.0,0.0,0.0,0.0,0.0,0.0,0.0,0.0,0.0,0.0,0.0,0.0,0.0,0.0,0.0,0.0,0.0,0.0,0.0,0.0,0.0,0.0,0.0,0.0,0.0,0.0,0.0,0.0,0.0,0.0,0.0,0.0,0.0,0.0,0.0,0.0,0.0,0.0,0.0,0.0,0.0,0.0,0.0,0.0
2022-03-13,0.0,0.0,0.0,0.0,0.0,0.0,0.0,0.0,0.0,0.0,0.0,0.0,0.0,0.0,0.0,0.0,0.0,0.0,0.0,0.0,0.0,0.0,0.0,0.0,0.0,0.0,0.0,0.0,0.0,0.0,0.0,0.0,0.0,0.0,0.0,0.0,0.0,0.0,0.0,0.0,0.0,0.0,0.0,0.0,0.0,0.0
2022-03-14,1.0,1.0,1.0,2.0,3.0,4.0,2.0,4.0,3.0,1.0,1.0,1.0,1.0,1.0,1.0,0.0,4.0,3.0,1.0,1.0,1.0,0.0,4.0,3.0,3.0,5.0,4.0,1.0,1.0,1.0,1.0,1.0,1.0,1.0,1.0,5.0,3.0,3.0,4.0,1.0,1.0,1.0,3.0,4.0,5.0,4.0
2022-03-15,4.0,2.0,3.0,1.0,1.0,1.0,1.0,1.0,1.0,2.0,3.0,4.0,3.0,0.0,4.0,1.0,1.0,1.0,0.0,4.0,3.0,1.0,1.0,1.0,1.0,1.0,1.0,4.0,3.0,3.0,4.0,5.0,3.0,5.0,4.0,1.0,1.0,1.0,1.0,3.0,5.0,4.0,1.0,1.0,1.0,1.0
2022-03-16,2.0,3.0,4.0,3.0,4.0,2.0,3.0,2.0,4.0,4.0,2.0,3.0,0.0,4.0,3.0,3.0,0.0,4.0,3.0,0.0,4.0,3.0,0.0,4.0,5.0,4.0,3.0,5.0,4.0,5.0,5.0,3.0,4.0,3.0,5.0,4.0,4.0,5.0,3.0,4.0,3.0,5.0,5.0,3.0,4.0,5.0
2022-03-17,1.0,1.0,1.0,4.0,2.0,3.0,4.0,3.0,2.0,1.0,1.0,1.0,1.0,1.0,1.0,4.0,3.0,0.0,1.0,1.0,1.0,4.0,3.0,0.0,4.0,3.0,5.0,1.0,1.0,1.0,1.0,1.0,1.0,1.0,1.0,3.0,5.0,4.0,5.0,1.0,1.0,1.0,4.0,5.0,3.0,3.0
2022-03-18,3.0,4.0,2.0,1.0,1.0,1.0,1.0,1.0,1.0,3.0,4.0,2.0,4.0,3.0,0.0,1.0,1.0,1.0,4.0,3.0,0.0,1.0,1.0,1.0,1.0,1.0,1.0,3.0,5.0,4.0,3.0,4.0,5.0,4.0,3.0,1.0,1.0,1.0,1.0,5.0,4.0,3.0,1.0,1.0,1.0,1.0
2022-03-19,0.0,0.0,0.0,0.0,0.0,0.0,0.0,0.0,0.0,0.0,0.0,0.0,0.0,0.0,0.0,0.0,0.0,0.0,0.0,0.0,0.0,0.0,0.0,0.0,0.0,0.0,0.0,0.0,0.0,0.0,0.0,0.0,0.0,0.0,0.0,0.0,0.0,0.0,0.0,0.0,0.0,0.0,0.0,0.0,0.0,0.0
2022-03-20,0.0,0.0,0.0,0.0,0.0,0.0,0.0,0.0,0.0,0.0,0.0,0.0,0.0,0.0,0.0,0.0,0.0,0.0,0.0,0.0,0.0,0.0,0.0,0.0,0.0,0.0,0.0,0.0,0.0,0.0,0.0,0.0,0.0,0.0,0.0,0.0,0.0,0.0,0.0,0.0,0.0,0.0,0.0,0.0,0.0,0.0
2022-03-21,1.0,1.0,1.0,5.0,3.0,4.0,5.0,4.0,3.0,1.0,1.0,1.0,1.0,1.0,1.0,5.0,4.0,3.0,1.0,1.0,1.0,5.0,4.0,3.0,3.0,2.0,4.0,1.0,1.0,1.0,1.0,1.0,1.0,1.0,1.0,0.0,3.0,3.0,4.0,1.0,1.0,1.0,3.0,4.0,0.0,4.0
2022-03-22,4.0,5.0,3.0,1.0,1.0,1.0,1.0,1.0,1.0,5.0,3.0,4.0,3.0,5.0,4.0,1.0,1.0,1.0,5.0,4.0,3.0,1.0,1.0,1.0,1.0,1.0,1.0,4.0,3.0,3.0,4.0,2.0,3.0,0.0,4.0,1.0,1.0,1.0,1.0,3.0,0.0,4.0,1.0,1.0,1.0,1.0
2022-03-23,5.0,3.0,4.0,3.0,4.0,5.0,3.0,5.0,4.0,4.0,5.0,3.0,5.0,4.0,3.0,3.0,5.0,4.0,3.0,5.0,4.0,3.0,5.0,4.0,2.0,4.0,3.0,2.0,4.0,2.0,2.0,3.0,4.0,3.0,0.0,4.0,4.0,0.0,3.0,4.0,3.0,0.0,0.0,3.0,4.0,0.0
2022-03-24,1.0,1.0,1.0,4.0,5.0,3.0,4.0,3.0,5.0,1.0,1.0,1.0,1.0,1.0,1.0,4.0,3.0,5.0,1.0,1.0,1.0,4.0,3.0,5.0,4.0,3.0,2.0,1.0,1.0,1.0,1.0,1.0,1.0,1.0,1.0,3.0,0.0,4.0,0.0,1.0,1.0,1.0,4.0,0.0,3.0,3.0
2022-03-25,3.0,4.0,5.0,1.0,1.0,1.0,1.0,1.0,1.0,3.0,4.0,5.0,4.0,3.0,5.0,1.0,1.0,1.0,4.0,3.0,5.0,1.0,1.0,1.0,1.0,1.0,1.0,3.0,2.0,4.0,3.0,4.0,0.0,4.0,3.0,1.0,1.0,1.0,1.0,0.0,4.0,3.0,1.0,1.0,1.0,1.0
2022-03-26,0.0,0.0,0.0,0.0,0.0,0.0,0.0,0.0,0.0,0.0,0.0,0.0,0.0,0.0,0.0,0.0,0.0,0.0,0.0,0.0,0.0,0.0,0.0,0.0,0.0,0.0,0.0,0.0,0.0,0.0,0.0,0.0,0.0,0.0,0.0,0.0,0.0,0.0,0.0,0.0,0.0,0.0,0.0,0.0,0.0,0.0
2022-03-27,0.0,0.0,0.0,0.0,0.0,0.0,0.0,0.0,0.0,0.0,0.0,0.0,0.0,0.0,0.0,0.0,0.0,0.0,0.0,0.0,0.0,0.0,0.0,0.0,0.0,0.0,0.0,0.0,0.0,0.0,0.0,0.0,0.0,0.0,0.0,0.0,0.0,0.0,0.0,0.0,0.0,0.0,0.0,0.0,0.0,0.0
2022-03-28,1.0,1.0,1.0,0.0,3.0,4.0,0.0,4.0,3.0,1.0,1.0,1.0,1.0,1.0,1.0,2.0,4.0,3.0,1.0,1.0,1.0,2.0,4.0,3.0,3.0,5.0,4.0,1.0,1.0,1.0,1.0,1.0,1.0,1.0,1.0,5.0,3.0,3.0,4.0,1.0,1.0,1.0,3.0,4.0,5.0,4.0
2022-03-29,4.0,0.0,3.0,1.0,1.0,1.0,1.0,1.0,1.0,0.0,3.0,4.0,3.0,2.0,4.0,1.0,1.0,1.0,2.0,4.0,3.0,1.0,1.0,1.0,1.0,1.0,1.0,4.0,3.0,3.0,4.0,5.0,3.0,5.0,4.0,1.0,1.0,1.0,1.0,3.0,5.0,4.0,1.0,1.0,1.0,1.0
2022-03-30,0.0,3.0,4.0,3.0,4.0,0.0,3.0,0.0,4.0,4.0,0.0,3.0,2.0,4.0,3.0,3.0,2.0,4.0,3.0,2.0,4.0,3.0,2.0,4.0,5.0,4.0,3.0,5.0,4.0,5.0,5.0,3.0,4.0,3.0,5.0,4.0,4.0,5.0,3.0,4.0,3.0,5.0,5.0,3.0,4.0,5.0
2022-03-31,1.0,1.0,1.0,4.0,0.0,3.0,4.0,3.0,0.0,1.0,1.0,1.0,1.0,1.0,1.0,4.0,3.0,2.0,1.0,1.0,1.0,4.0,3.0,2.0,4.0,3.0,5.0,1.0,1.0,1.0,1.0,1.0,1.0,1.0,1.0,3.0,5.0,4.0,5.0,1.0,1.0,1.0,4.0,5.0,3.0,3.0
2022-04-01,3.0,4.0,0.0,1.0,1.0,1.0,1.0,1.0,1.0,3.0,4.0,0.0,4.0,3.0,2.0,1.0,1.0,1.0,4.0,3.0,2.0,1.0,1.0,1.0,1.0,1.0,1.0,3.0,5.0,4.0,3.0,4.0,5.0,4.0,3.0,1.0,1.0,1.0,1.0,5.0,4.0,3.0,1.0,1.0,1.0,1.0
2022-04-02,0.0,0.0,0.0,0.0,0.0,0.0,0.0,0.0,0.0,0.0,0.0,0.0,0.0,0.0,0.0,0.0,0.0,0.0,0.0,0.0,0.0,0.0,0.0,0.0,0.0,0.0,0.0,0.0,0.0,0.0,0.0,0.0,0.0,0.0,0.0,0.0,0.0,0.0,0.0,0.0,0.0,0.0,0.0,0.0,0.0,0.0
2022-04-03,0.0,0.0,0.0,0.0,0.0,0.0,0.0,0.0,0.0,0.0,0.0,0.0,0.0,0.0,0.0,0.0,0.0,0.0,0.0,0.0,0.0,0.0,0.0,0.0,0.0,0.0,0.0,0.0,0.0,0.0,0.0,0.0,0.0,0.0,0.0,0.0,0.0,0.0,0.0,0.0,0.0,0.0,0.0,0.0,0.0,0.0
2022-04-04,1.0,1.0,1.0,5.0,3.0,4.0,5.0,4.0,3.0,1.0,1.0,1.0,1.0,1.0,1.0,5.0,4.0,3.0,1.0,1.0,1.0,5.0,4.0,3.0,3.0,0.0,4.0,1.0,1.0,1.0,1.0,1.0,1.0,1.0,1.0,2.0,3.0,3.0,4.0,1.0,1.0,1.0,3.0,4.0,2.0,4.0
2022-04-05,4.0,5.0,3.0,1.0,1.0,1.0,1.0,1.0,1.0,5.0,3.0,4.0,3.0,5.0,4.0,1.0,1.0,1.0,5.0,4.0,3.0,1.0,1.0,1.0,1.0,1.0,1.0,4.0,3.0,3.0,4.0,0.0,3.0,2.0,4.0,1.0,1.0,1.0,1.0,3.0,2.0,4.0,1.0,1.0,1.0,1.0
2022-04-06,5.0,3.0,4.0,3.0,4.0,5.0,3.0,5.0,4.0,4.0,5.0,3.0,5.0,4.0,3.0,3.0,5.0,4.0,3.0,5.0,4.0,3.0,5.0,4.0,0.0,4.0,3.0,0.0,4.0,0.0,0.0,3.0,4.0,3.0,2.0,4.0,4.0,2.0,3.0,4.0,3.0,2.0,2.0,3.0,4.0,2.0
2022-04-07,1.0,1.0,1.0,4.0,5.0,3.0,4.0,3.0,5.0,1.0,1.0,1.0,1.0,1.0,1.0,4.0,3.0,5.0,1.0,1.0,1.0,4.0,3.0,5.0,4.0,3.0,0.0,1.0,1.0,1.0,1.0,1.0,1.0,1.0,1.0,3.0,2.0,4.0,2.0,1.0,1.0,1.0,4.0,2.0,3.0,3.0
2022-04-08,3.0,4.0,5.0,1.0,1.0,1.0,1.0,1.0,1.0,3.0,4.0,5.0,4.0,3.0,5.0,1.0,1.0,1.0,4.0,3.0,5.0,1.0,1.0,1.0,1.0,1.0,1.0,3.0,0.0,4.0,3.0,4.0,2.0,4.0,3.0,1.0,1.0,1.0,1.0,2.0,4.0,3.0,1.0,1.0,1.0,1.0
2022-04-09,0.0,0.0,0.0,0.0,0.0,0.0,0.0,0.0,0.0,0.0,0.0,0.0,0.0,0.0,0.0,0.0,0.0,0.0,0.0,0.0,0.0,0.0,0.0,0.0,0.0,0.0,0.0,0.0,0.0,0.0,0.0,0.0,0.0,0.0,0.0,0.0,0.0,0.0,0.0,0.0,0.0,0.0,0.0,0.0,0.0,0.0
2022-04-10,0.0,0.0,0.0,0.0,0.0,0.0,0.0,0.0,0.0,0.0,0.0,0.0,0.0,0.0,0.0,0.0,0.0,0.0,0.0,0.0,0.0,0.0,0.0,0.0,0.0,0.0,0.0,0.0,0.0,0.0,0.0,0.0,0.0,0.0,0.0,0.0,0.0,0.0,0.0,0.0,0.0,0.0,0.0,0.0,0.0,0.0
2022-04-11,1.0,1.0,1.0,2.0,3.0,4.0,2.0,4.0,3.0,1.0,1.0,1.0,1.0,1.0,1.0,0.0,4.0,3.0,1.0,1.0,1.0,0.0,4.0,3.0,3.0,5.0,4.0,1.0,1.0,1.0,1.0,1.0,1.0,1.0,1.0,5.0,3.0,3.0,4.0,1.0,1.0,1.0,3.0,4.0,5.0,4.0
2022-04-12,4.0,2.0,3.0,1.0,1.0,1.0,1.0,1.0,1.0,2.0,3.0,4.0,3.0,0.0,4.0,1.0,1.0,1.0,0.0,4.0,3.0,1.0,1.0,1.0,1.0,1.0,1.0,4.0,3.0,3.0,4.0,5.0,3.0,5.0,4.0,1.0,1.0,1.0,1.0,3.0,5.0,4.0,1.0,1.0,1.0,1.0
2022-04-13,2.0,3.0,4.0,3.0,4.0,2.0,3.0,2.0,4.0,4.0,2.0,3.0,0.0,4.0,3.0,3.0,0.0,4.0,3.0,0.0,4.0,3.0,0.0,4.0,5.0,4.0,3.0,5.0,4.0,5.0,5.0,3.0,4.0,3.0,5.0,4.0,4.0,5.0,3.0,4.0,3.0,5.0,5.0,3.0,4.0,5.0
2022-04-14,1.0,1.0,1.0,4.0,2.0,3.0,4.0,3.0,2.0,1.0,1.0,1.0,1.0,1.0,1.0,4.0,3.0,0.0,1.0,1.0,1.0,4.0,3.0,0.0,4.0,3.0,5.0,1.0,1.0,1.0,1.0,1.0,1.0,1.0,1.0,3.0,5.0,4.0,5.0,1.0,1.0,1.0,4.0,5.0,3.0,3.0
2022-04-15,3.0,4.0,2.0,1.0,1.0,1.0,1.0,1.0,1.0,3.0,4.0,2.0,4.0,3.0,0.0,1.0,1.0,1.0,4.0,3.0,0.0,1.0,1.0,1.0,1.0,1.0,1.0,3.0,5.0,4.0,3.0,4.0,5.0,4.0,3.0,1.0,1.0,1.0,1.0,5.0,4.0,3.0,1.0,1.0,1.0,1.0
2022-04-16,0.0,0.0,0.0,0.0,0.0,0.0,0.0,0.0,0.0,0.0,0.0,0.0,0.0,0.0,0.0,0.0,0.0,0.0,0.0,0.0,0.0,0.0,0.0,0.0,0.0,0.0,0.0,0.0,0.0,0.0,0.0,0.0,0.0,0.0,0.0,0.0,0.0,0.0,0.0,0.0,0.0,0.0,0.0,0.0,0.0,0.0
2022-04-17,0.0,0.0,0.0,0.0,0.0,0.0,0.0,0.0,0.0,0.0,0.0,0.0,0.0,0.0,0.0,0.0,0.0,0.0,0.0,0.0,0.0,0.0,0.0,0.0,0.0,0.0,0.0,0.0,0.0,0.0,0.0,0.0,0.0,0.0,0.0,0.0,0.0,0.0,0.0,0.0,0.0,0.0,0.0,0.0,0.0,0.0
2022-04-18,1.0,1.0,1.0,5.0,3.0,4.0,5.0,4.0,3.0,1.0,1.0,1.0,1.0,1.0,1.0,5.0,4.0,3.0,1.0,1.0,1.0,5.0,4.0,3.0,3.0,2.0,4.0,1.0,1.0,1.0,1.0,1.0,1.0,1.0,1.0,0.0,3.0,3.0,4.0,1.0,1.0,1.0,3.0,4.0,0.0,4.0
2022-04-19,4.0,5.0,3.0,1.0,1.0,1.0,1.0,1.0,1.0,5.0,3.0,4.0,3.0,5.0,4.0,1.0,1.0,1.0,5.0,4.0,3.0,1.0,1.0,1.0,1.0,1.0,1.0,4.0,3.0,3.0,4.0,2.0,3.0,0.0,4.0,1.0,1.0,1.0,1.0,3.0,0.0,4.0,1.0,1.0,1.0,1.0
2022-04-20,5.0,3.0,4.0,3.0,4.0,5.0,3.0,5.0,4.0,4.0,5.0,3.0,5.0,4.0,3.0,3.0,5.0,4.0,3.0,5.0,4.0,3.0,5.0,4.0,2.0,4.0,3.0,2.0,4.0,2.0,2.0,3.0,4.0,3.0,0.0,4.0,4.0,0.0,3.0,4.0,3.0,0.0,0.0,3.0,4.0,0.0
2022-04-21,1.0,1.0,1.0,4.0,5.0,3.0,4.0,3.0,5.0,1.0,1.0,1.0,1.0,1.0,1.0,4.0,3.0,5.0,1.0,1.0,1.0,4.0,3.0,5.0,4.0,3.0,2.0,1.0,1.0,1.0,1.0,1.0,1.0,1.0,1.0,3.0,0.0,4.0,0.0,1.0,1.0,1.0,4.0,0.0,3.0,3.0
2022-04-22,3.0,4.0,5.0,1.0,1.0,1.0,1.0,1.0,1.0,3.0,4.0,5.0,4.0,3.0,5.0,1.0,1.0,1.0,4.0,3.0,5.0,1.0,1.0,1.0,1.0,1.0,1.0,3.0,2.0,4.0,3.0,4.0,0.0,4.0,3.0,1.0,1.0,1.0,1.0,0.0,4.0,3.0,1.0,1.0,1.0,1.0
2022-04-23,0.0,0.0,0.0,0.0,0.0,0.0,0.0,0.0,0.0,0.0,0.0,0.0,0.0,0.0,0.0,0.0,0.0,0.0,0.0,0.0,0.0,0.0,0.0,0.0,0.0,0.0,0.0,0.0,0.0,0.0,0.0,0.0,0.0,0.0,0.0,0.0,0.0,0.0,0.0,0.0,0.0,0.0,0.0,0.0,0.0,0.0
2022-04-24,0.0,0.0,0.0,0.0,0.0,0.0,0.0,0.0,0.0,0.0,0.0,0.0,0.0,0.0,0.0,0.0,0.0,0.0,0.0,0.0,0.0,0.0,0.0,0.0,0.0,0.0,0.0,0.0,0.0,0.0,0.0,0.0,0.0,0.0,0.0,0.0,0.0,0.0,0.0,0.0,0.0,0.0,0.0,0.0,0.0,0.0
2022-04-25,1.0,1.0,1.0,0.0,3.0,4.0,0.0,4.0,3.0,1.0,1.0,1.0,1.0,1.0,1.0,2.0,4.0,3.0,1.0,1.0,1.0,2.0,4.0,3.0,3.0,5.0,4.0,1.0,1.0,1.0,1.0,1.0,1.0,1.0,1.0,5.0,3.0,3.0,4.0,1.0,1.0,1.0,3.0,4.0,5.0,4.0
2022-04-26,4.0,0.0,3.0,1.0,1.0,1.0,1.0,1.0,1.0,0.0,3.0,4.0,3.0,2.0,4.0,1.0,1.0,1.0,2.0,4.0,3.0,1.0,1.0,1.0,1.0,1.0,1.0,4.0,3.0,3.0,4.0,5.0,3.0,5.0,4.0,1.0,1.0,1.0,1.0,3.0,5.0,4.0,1.0,1.0,1.0,1.0
2022-04-27,0.0,3.0,4.0,3.0,4.0,0.0,3.0,0.0,4.0,4.0,0.0,3.0,2.0,4.0,3.0,3.0,2.0,4.0,3.0,2.0,4.0,3.0,2.0,4.0,5.0,4.0,3.0,5.0,4.0,5.0,5.0,3.0,4.0,3.0,5.0,4.0,4.0,5.0,3.0,4.0,3.0,5.0,5.0,3.0,4.0,5.0
2022-04-28,1.0,1.0,1.0,4.0,0.0,3.0,4.0,3.0,0.0,1.0,1.0,1.0,1.0,1.0,1.0,4.0,3.0,2.0,1.0,1.0,1.0,4.0,3.0,2.0,4.0,3.0,5.0,1.0,1.0,1.0,1.0,1.0,1.0,1.0,1.0,3.0,5.0,4.0,5.0,1.0,1.0,1.0,4.0,5.0,3.0,3.0
2022-04-29,3.0,4.0,0.0,1.0,1.0,1.0,1.0,1.0,1.0,3.0,4.0,0.0,4.0,3.0,2.0,1.0,1.0,1.0,4.0,3.0,2.0,1.0,1.0,1.0,1.0,1.0,1.0,3.0,5.0,4.0,3.0,4.0,5.0,4.0,3.0,1.0,1.0,1.0,1.0,5.0,4.0,3.0,1.0,1.0,1.0,1.0
2022-04-30,0.0,0.0,0.0,0.0,0.0,0.0,0.0,0.0,0.0,0.0,0.0,0.0,0.0,0.0,0.0,0.0,0.0,0.0,0.0,0.0,0.0,0.0,0.0,0.0,0.0,0.0,0.0,0.0,0.0,0.0,0.0,0.0,0.0,0.0,0.0,0.0,0.0,0.0,0.0,0.0,0.0,0.0,0.0,0.0,0.0,0.0
2022-05-01,0.0,0.0,0.0,0.0,0.0,0.0,0.0,0.0,0.0,0.0,0.0,0.0,0.0,0.0,0.0,0.0,0.0,0.0,0.0,0.0,0.0,0.0,0.0,0.0,0.0,0.0,0.0,0.0,0.0,0.0,0.0,0.0,0.0,0.0,0.0,0.0,0.0,0.0,0.0,0.0,0.0,0.0,0.0,0.0,0.0,0.0
2022-05-02,1.0,1.0,1.0,5.0,3.0,4.0,5.0,4.0,3.0,1.0,1.0,1.0,1.0,1.0,1.0,5.0,4.0,3.0,1.0,1.0,1.0,5.0,4.0,3.0,3.0,6.0,4.0,1.0,1.0,1.0,1.0,1.0,1.0,1.0,1.0,2.0,3.0,3.0,4.0,1.0,1.0,1.0,3.0,4.0,2.0,4.0
2022-05-03,4.0,5.0,3.0,1.0,1.0,1.0,1.0,1.0,1.0,5.0,3.0,4.0,3.0,5.0,4.0,1.0,1.0,1.0,5.0,4.0,3.0,1.0,1.0,1.0,1.0,1.0,1.0,4.0,3.0,3.0,4.0,6.0,3.0,2.0,4.0,1.0,1.0,1.0,1.0,3.0,2.0,4.0,1.0,1.0,1.0,1.0
2022-05-04,5.0,3.0,4.0,3.0,4.0,5.0,3.0,5.0,4.0,4.0,5.0,3.0,5.0,4.0,3.0,3.0,5.0,4.0,3.0,5.0,4.0,3.0,5.0,4.0,6.0,4.0,3.0,6.0,4.0,6.0,6.0,3.0,4.0,3.0,2.0,4.0,4.0,2.0,3.0,4.0,3.0,2.0,2.0,3.0,4.0,2.0
2022-05-05,1.0,1.0,1.0,4.0,5.0,3.0,4.0,3.0,5.0,1.0,1.0,1.0,1.0,1.0,1.0,4.0,3.0,5.0,1.0,1.0,1.0,4.0,3.0,5.0,4.0,3.0,6.0,1.0,1.0,1.0,1.0,1.0,1.0,1.0,1.0,3.0,2.0,4.0,2.0,1.0,1.0,1.0,4.0,2.0,3.0,3.0
2022-05-06,3.0,4.0,5.0,1.0,1.0,1.0,1.0,1.0,1.0,3.0,4.0,5.0,4.0,3.0,5.0,1.0,1.0,1.0,4.0,3.0,5.0,1.0,1.0,1.0,1.0,1.0,1.0,3.0,6.0,4.0,3.0,4.0,2.0,4.0,3.0,1.0,1.0,1.0,1.0,2.0,4.0,3.0,1.0,1.0,1.0,1.0
2022-05-07,0.0,0.0,0.0,0.0,0.0,0.0,0.0,0.0,0.0,0.0,0.0,0.0,0.0,0.0,0.0,0.0,0.0,0.0,0.0,0.0,0.0,0.0,0.0,0.0,0.0,0.0,0.0,0.0,0.0,0.0,0.0,0.0,0.0,0.0,0.0,0.0,0.0,0.0,0.0,0.0,0.0,0.0,0.0,0.0,0.0,0.0
2022-05-08,0.0,0.0,0.0,0.0,0.0,0.0,0.0,0.0,0.0,0.0,0.0,0.0,0.0,0.0,0.0,0.0,0.0,0.0,0.0,0.0,0.0,0.0,0.0,0.0,0.0,0.0,0.0,0.0,0.0,0.0,0.0,0.0,0.0,0.0,0.0,0.0,0.0,0.0,0.0,0.0,0.0,0.0,0.0,0.0,0.0,0.0
2022-05-09,1.0,1.0,1.0,2.0,3.0,4.0,2.0,4.0,3.0,1.0,1.0,1.0,1.0,1.0,1.0,6.0,4.0,3.0,1.0,1.0,1.0,6.0,4.0,3.0,3.0,5.0,4.0,1.0,1.0,1.0,1.0,1.0,1.0,1.0,1.0,5.0,3.0,3.0,4.0,1.0,1.0,1.0,3.0,4.0,5.0,4.0
2022-05-10,4.0,2.0,3.0,1.0,1.0,1.0,1.0,1.0,1.0,2.0,3.0,4.0,3.0,6.0,4.0,1.0,1.0,1.0,6.0,4.0,3.0,1.0,1.0,1.0,1.0,1.0,1.0,4.0,3.0,3.0,4.0,5.0,3.0,5.0,4.0,1.0,1.0,1.0,1.0,3.0,5.0,4.0,1.0,1.0,1.0,1.0
2022-05-11,2.0,3.0,4.0,3.0,4.0,2.0,3.0,2.0,4.0,4.0,2.0,3.0,6.0,4.0,3.0,3.0,6.0,4.0,3.0,6.0,4.0,3.0,6.0,4.0,5.0,4.0,3.0,5.0,4.0,5.0,5.0,3.0,4.0,3.0,5.0,4.0,4.0,5.0,3.0,4.0,3.0,5.0,5.0,3.0,4.0,5.0
2022-05-12,1.0,1.0,1.0,4.0,2.0,3.0,4.0,3.0,2.0,1.0,1.0,1.0,1.0,1.0,1.0,4.0,3.0,6.0,1.0,1.0,1.0,4.0,3.0,6.0,4.0,3.0,5.0,1.0,1.0,1.0,1.0,1.0,1.0,1.0,1.0,3.0,5.0,4.0,5.0,1.0,1.0,1.0,4.0,5.0,3.0,3.0
2022-05-13,3.0,4.0,2.0,1.0,1.0,1.0,1.0,1.0,1.0,3.0,4.0,2.0,4.0,3.0,6.0,1.0,1.0,1.0,4.0,3.0,6.0,1.0,1.0,1.0,1.0,1.0,1.0,3.0,5.0,4.0,3.0,4.0,5.0,4.0,3.0,1.0,1.0,1.0,1.0,5.0,4.0,3.0,1.0,1.0,1.0,1.0
2022-05-14,0.0,0.0,0.0,0.0,0.0,0.0,0.0,0.0,0.0,0.0,0.0,0.0,0.0,0.0,0.0,0.0,0.0,0.0,0.0,0.0,0.0,0.0,0.0,0.0,0.0,0.0,0.0,0.0,0.0,0.0,0.0,0.0,0.0,0.0,0.0,0.0,0.0,0.0,0.0,0.0,0.0,0.0,0.0,0.0,0.0,0.0
2022-05-15,0.0,0.0,0.0,0.0,0.0,0.0,0.0,0.0,0.0,0.0,0.0,0.0,0.0,0.0,0.0,0.0,0.0,0.0,0.0,0.0,0.0,0.0,0.0,0.0,0.0,0.0,0.0,0.0,0.0,0.0,0.0,0.0,0.0,0.0,0.0,0.0,0.0,0.0,0.0,0.0,0.0,0.0,0.0,0.0,0.0,0.0
2022-05-16,1.0,1.0,1.0,5.0,3.0,4.0,5.0,4.0,3.0,1.0,1.0,1.0,1.0,1.0,1.0,5.0,4.0,3.0,1.0,1.0,1.0,5.0,4.0,3.0,3.0,2.0,4.0,1.0,1.0,1.0,1.0,1.0,1.0,1.0,1.0,6.0,3.0,3.0,4.0,1.0,1.0,1.0,3.0,4.0,6.0,4.0
2022-05-17,4.0,5.0,3.0,1.0,1.0,1.0,1.0,1.0,1.0,5.0,3.0,4.0,3.0,5.0,4.0,1.0,1.0,1.0,5.0,4.0,3.0,1.0,1.0,1.0,1.0,1.0,1.0,4.0,3.0,3.0,4.0,2.0,3.0,6.0,4.0,1.0,1.0,1.0,1.0,3.0,6.0,4.0,1.0,1.0,1.0,1.0
2022-05-18,5.0,3.0,4.0,3.0,4.0,5.0,3.0,5.0,4.0,4.0,5.0,3.0,5.0,4.0,3.0,3.0,5.0,4.0,3.0,5.0,4.0,3.0,5.0,4.0,2.0,4.0,3.0,2.0,4.0,2.0,2.0,3.0,4.0,3.0,6.0,4.0,4.0,6.0,3.0,4.0,3.0,6.0,6.0,3.0,4.0,6.0
2022-05-19,1.0,1.0,1.0,4.0,5.0,3.0,4.0,3.0,5.0,1.0,1.0,1.0,1.0,1.0,1.0,4.0,3.0,5.0,1.0,1.0,1.0,4.0,3.0,5.0,4.0,3.0,2.0,1.0,1.0,1.0,1.0,1.0,1.0,1.0,1.0,3.0,6.0,4.0,6.0,1.0,1.0,1.0,4.0,6.0,3.0,3.0
2022-05-20,3.0,4.0,5.0,1.0,1.0,1.0,1.0,1.0,1.0,3.0,4.0,5.0,4.0,3.0,5.0,1.0,1.0,1.0,4.0,3.0,5.0,1.0,1.0,1.0,1.0,1.0,1.0,3.0,2.0,4.0,3.0,4.0,6.0,4.0,3.0,1.0,1.0,1.0,1.0,6.0,4.0,3.0,1.0,1.0,1.0,1.0
2022-05-21,0.0,0.0,0.0,0.0,0.0,0.0,0.0,0.0,0.0,0.0,0.0,0.0,0.0,0.0,0.0,0.0,0.0,0.0,0.0,0.0,0.0,0.0,0.0,0.0,0.0,0.0,0.0,0.0,0.0,0.0,0.0,0.0,0.0,0.0,0.0,0.0,0.0,0.0,0.0,0.0,0.0,0.0,0.0,0.0,0.0,0.0
2022-05-22,0.0,0.0,0.0,0.0,0.0,0.0,0.0,0.0,0.0,0.0,0.0,0.0,0.0,0.0,0.0,0.0,0.0,0.0,0.0,0.0,0.0,0.0,0.0,0.0,0.0,0.0,0.0,0.0,0.0,0.0,0.0,0.0,0.0,0.0,0.0,0.0,0.0,0.0,0.0,0.0,0.0,0.0,0.0,0.0,0.0,0.0
2022-05-23,1.0,1.0,1.0,6.0,3.0,4.0,6.0,4.0,3.0,1.0,1.0,1.0,1.0,1.0,1.0,2.0,4.0,3.0,1.0,1.0,1.0,2.0,4.0,3.0,3.0,5.0,4.0,1.0,1.0,1.0,1.0,1.0,1.0,1.0,1.0,5.0,3.0,3.0,4.0,1.0,1.0,1.0,3.0,4.0,5.0,4.0
2022-05-24,4.0,6.0,3.0,1.0,1.0,1.0,1.0,1.0,1.0,6.0,3.0,4.0,3.0,2.0,4.0,1.0,1.0,1.0,2.0,4.0,3.0,1.0,1.0,1.0,1.0,1.0,1.0,4.0,3.0,3.0,4.0,5.0,3.0,5.0,4.0,1.0,1.0,1.0,1.0,3.0,5.0,4.0,1.0,1.0,1.0,1.0
2022-05-25,6.0,3.0,4.0,3.0,4.0,6.0,3.0,6.0,4.0,4.0,6.0,3.0,2.0,4.0,3.0,3.0,2.0,4.0,3.0,2.0,4.0,3.0,2.0,4.0,5.0,4.0,3.0,5.0,4.0,5.0,5.0,3.0,4.0,3.0,5.0,4.0,4.0,5.0,3.0,4.0,3.0,5.0,5.0,3.0,4.0,5.0
2022-05-26,1.0,1.0,1.0,4.0,6.0,3.0,4.0,3.0,6.0,1.0,1.0,1.0,1.0,1.0,1.0,4.0,3.0,2.0,1.0,1.0,1.0,4.0,3.0,2.0,4.0,3.0,5.0,1.0,1.0,1.0,1.0,1.0,1.0,1.0,1.0,3.0,5.0,4.0,5.0,1.0,1.0,1.0,4.0,5.0,3.0,3.0
2022-05-27,3.0,4.0,6.0,1.0,1.0,1.0,1.0,1.0,1.0,3.0,4.0,6.0,4.0,3.0,2.0,1.0,1.0,1.0,4.0,3.0,2.0,1.0,1.0,1.0,1.0,1.0,1.0,3.0,5.0,4.0,3.0,4.0,5.0,4.0,3.0,1.0,1.0,1.0,1.0,5.0,4.0,3.0,1.0,1.0,1.0,1.0
2022-05-28,0.0,0.0,0.0,0.0,0.0,0.0,0.0,0.0,0.0,0.0,0.0,0.0,0.0,0.0,0.0,0.0,0.0,0.0,0.0,0.0,0.0,0.0,0.0,0.0,0.0,0.0,0.0,0.0,0.0,0.0,0.0,0.0,0.0,0.0,0.0,0.0,0.0,0.0,0.0,0.0,0.0,0.0,0.0,0.0,0.0,0.0
2022-05-29,0.0,0.0,0.0,0.0,0.0,0.0,0.0,0.0,0.0,0.0,0.0,0.0,0.0,0.0,0.0,0.0,0.0,0.0,0.0,0.0,0.0,0.0,0.0,0.0,0.0,0.0,0.0,0.0,0.0,0.0,0.0,0.0,0.0,0.0,0.0,0.0,0.0,0.0,0.0,0.0,0.0,0.0,0.0,0.0,0.0,0.0
2022-05-30,1.0,1.0,1.0,5.0,3.0,4.0,5.0,4.0,3.0,1.0,1.0,1.0,1.0,1.0,1.0,5.0,4.0,3.0,1.0,1.0,1.0,5.0,4.0,3.0,3.0,6.0,4.0,1.0,1.0,1.0,1.0,1.0,1.0,1.0,1.0,2.0,3.0,3.0,4.0,1.0,1.0,1.0,3.0,4.0,2.0,4.0
2022-05-31,4.0,5.0,3.0,1.0,1.0,1.0,1.0,1.0,1.0,5.0,3.0,4.0,3.0,5.0,4.0,1.0,1.0,1.0,5.0,4.0,3.0,1.0,1.0,1.0,1.0,1.0,1.0,4.0,3.0,3.0,4.0,6.0,3.0,2.0,4.0,1.0,1.0,1.0,1.0,3.0,2.0,4.0,1.0,1.0,1.0,1.0
2022-06-01,5.0,3.0,4.0,3.0,4.0,5.0,3.0,5.0,4.0,4.0,5.0,3.0,5.0,4.0,3.0,3.0,5.0,4.0,3.0,5.0,4.0,3.0,5.0,4.0,6.0,4.0,3.0,6.0,4.0,6.0,6.0,3.0,4.0,3.0,2.0,4.0,4.0,2.0,3.0,4.0,3.0,2.0,2.0,3.0,4.0,2.0
2022-06-02,1.0,1.0,1.0,4.0,5.0,3.0,4.0,3.0,5.0,1.0,1.0,1.0,1.0,1.0,1.0,4.0,3.0,5.0,1.0,1.0,1.0,4.0,3.0,5.0,4.0,3.0,6.0,1.0,1.0,1.0,1.0,1.0,1.0,1.0,1.0,3.0,2.0,4.0,2.0,1.0,1.0,1.0,4.0,2.0,3.0,3.0
2022-06-03,3.0,4.0,5.0,1.0,1.0,1.0,1.0,1.0,1.0,3.0,4.0,5.0,4.0,3.0,5.0,1.0,1.0,1.0,4.0,3.0,5.0,1.0,1.0,1.0,1.0,1.0,1.0,3.0,6.0,4.0,3.0,4.0,2.0,4.0,3.0,1.0,1.0,1.0,1.0,2.0,4.0,3.0,1.0,1.0,1.0,1.0
2022-06-04,0.0,0.0,0.0,0.0,0.0,0.0,0.0,0.0,0.0,0.0,0.0,0.0,0.0,0.0,0.0,0.0,0.0,0.0,0.0,0.0,0.0,0.0,0.0,0.0,0.0,0.0,0.0,0.0,0.0,0.0,0.0,0.0,0.0,0.0,0.0,0.0,0.0,0.0,0.0,0.0,0.0,0.0,0.0,0.0,0.0,0.0
2022-06-05,0.0,0.0,0.0,0.0,0.0,0.0,0.0,0.0,0.0,0.0,0.0,0.0,0.0,0.0,0.0,0.0,0.0,0.0,0.0,0.0,0.0,0.0,0.0,0.0,0.0,0.0,0.0,0.0,0.0,0.0,0.0,0.0,0.0,0.0,0.0,0.0,0.0,0.0,0.0,0.0,0.0,0.0,0.0,0.0,0.0,0.0
2022-06-06,1.0,1.0,1.0,2.0,3.0,4.0,2.0,4.0,3.0,1.0,1.0,1.0,1.0,1.0,1.0,6.0,4.0,3.0,1.0,1.0,1.0,6.0,4.0,3.0,3.0,5.0,4.0,1.0,1.0,1.0,1.0,1.0,1.0,1.0,1.0,5.0,3.0,3.0,4.0,1.0,1.0,1.0,3.0,4.0,5.0,4.0
2022-06-07,4.0,2.0,3.0,1.0,1.0,1.0,1.0,1.0,1.0,2.0,3.0,4.0,3.0,6.0,4.0,1.0,1.0,1.0,6.0,4.0,3.0,1.0,1.0,1.0,1.0,1.0,1.0,4.0,3.0,3.0,4.0,5.0,3.0,5.0,4.0,1.0,1.0,1.0,1.0,3.0,5.0,4.0,1.0,1.0,1.0,1.0
2022-06-08,2.0,3.0,4.0,3.0,4.0,2.0,3.0,2.0,4.0,4.0,2.0,3.0,6.0,4.0,3.0,3.0,6.0,4.0,3.0,6.0,4.0,3.0,6.0,4.0,5.0,4.0,3.0,5.0,4.0,5.0,5.0,3.0,4.0,3.0,5.0,4.0,4.0,5.0,3.0,4.0,3.0,5.0,5.0,3.0,4.0,5.0
2022-06-09,1.0,1.0,1.0,4.0,2.0,3.0,4.0,3.0,2.0,1.0,1.0,1.0,1.0,1.0,1.0,4.0,3.0,6.0,1.0,1.0,1.0,4.0,3.0,6.0,4.0,3.0,5.0,1.0,1.0,1.0,1.0,1.0,1.0,1.0,1.0,3.0,5.0,4.0,5.0,1.0,1.0,1.0,4.0,5.0,3.0,3.0
2022-06-10,3.0,4.0,2.0,1.0,1.0,1.0,1.0,1.0,1.0,3.0,4.0,2.0,4.0,3.0,6.0,1.0,1.0,1.0,4.0,3.0,6.0,1.0,1.0,1.0,1.0,1.0,1.0,3.0,5.0,4.0,3.0,4.0,5.0,4.0,3.0,1.0,1.0,1.0,1.0,5.0,4.0,3.0,1.0,1.0,1.0,1.0
2022-06-11,0.0,0.0,0.0,0.0,0.0,0.0,0.0,0.0,0.0,0.0,0.0,0.0,0.0,0.0,0.0,0.0,0.0,0.0,0.0,0.0,0.0,0.0,0.0,0.0,0.0,0.0,0.0,0.0,0.0,0.0,0.0,0.0,0.0,0.0,0.0,0.0,0.0,0.0,0.0,0.0,0.0,0.0,0.0,0.0,0.0,0.0
2022-06-12,0.0,0.0,0.0,0.0,0.0,0.0,0.0,0.0,0.0,0.0,0.0,0.0,0.0,0.0,0.0,0.0,0.0,0.0,0.0,0.0,0.0,0.0,0.0,0.0,0.0,0.0,0.0,0.0,0.0,0.0,0.0,0.0,0.0,0.0,0.0,0.0,0.0,0.0,0.0,0.0,0.0,0.0,0.0,0.0,0.0,0.0
2022-06-13,1.0,1.0,1.0,5.0,3.0,4.0,5.0,4.0,3.0,1.0,1.0,1.0,1.0,1.0,1.0,5.0,4.0,3.0,1.0,1.0,1.0,5.0,4.0,3.0,3.0,2.0,4.0,1.0,1.0,1.0,1.0,1.0,1.0,1.0,1.0,6.0,3.0,3.0,4.0,1.0,1.0,1.0,3.0,4.0,6.0,4.0
2022-06-14,4.0,5.0,3.0,1.0,1.0,1.0,1.0,1.0,1.0,5.0,3.0,4.0,3.0,5.0,4.0,1.0,1.0,1.0,5.0,4.0,3.0,1.0,1.0,1.0,1.0,1.0,1.0,4.0,3.0,3.0,4.0,2.0,3.0,6.0,4.0,1.0,1.0,1.0,1.0,3.0,6.0,4.0,1.0,1.0,1.0,1.0
2022-06-15,5.0,3.0,4.0,3.0,4.0,5.0,3.0,5.0,4.0,4.0,5.0,3.0,5.0,4.0,3.0,3.0,5.0,4.0,3.0,5.0,4.0,3.0,5.0,4.0,2.0,4.0,3.0,2.0,4.0,2.0,2.0,3.0,4.0,3.0,6.0,4.0,4.0,6.0,3.0,4.0,3.0,6.0,6.0,3.0,4.0,6.0
2022-06-16,1.0,1.0,1.0,4.0,5.0,3.0,4.0,3.0,5.0,1.0,1.0,1.0,1.0,1.0,1.0,4.0,3.0,5.0,1.0,1.0,1.0,4.0,3.0,5.0,4.0,3.0,2.0,1.0,1.0,1.0,1.0,1.0,1.0,1.0,1.0,3.0,6.0,4.0,6.0,1.0,1.0,1.0,4.0,6.0,3.0,3.0
2022-06-17,3.0,4.0,5.0,1.0,1.0,1.0,1.0,1.0,1.0,3.0,4.0,5.0,4.0,3.0,5.0,1.0,1.0,1.0,4.0,3.0,5.0,1.0,1.0,1.0,1.0,1.0,1.0,3.0,2.0,4.0,3.0,4.0,6.0,4.0,3.0,1.0,1.0,1.0,1.0,6.0,4.0,3.0,1.0,1.0,1.0,1.0
2022-06-18,0.0,0.0,0.0,0.0,0.0,0.0,0.0,0.0,0.0,0.0,0.0,0.0,0.0,0.0,0.0,0.0,0.0,0.0,0.0,0.0,0.0,0.0,0.0,0.0,0.0,0.0,0.0,0.0,0.0,0.0,0.0,0.0,0.0,0.0,0.0,0.0,0.0,0.0,0.0,0.0,0.0,0.0,0.0,0.0,0.0,0.0
2022-06-19,0.0,0.0,0.0,0.0,0.0,0.0,0.0,0.0,0.0,0.0,0.0,0.0,0.0,0.0,0.0,0.0,0.0,0.0,0.0,0.0,0.0,0.0,0.0,0.0,0.0,0.0,0.0,0.0,0.0,0.0,0.0,0.0,0.0,0.0,0.0,0.0,0.0,0.0,0.0,0.0,0.0,0.0,0.0,0.0,0.0,0.0
2022-06-20,1.0,1.0,1.0,6.0,3.0,4.0,6.0,4.0,3.0,1.0,1.0,1.0,1.0,1.0,1.0,2.0,4.0,3.0,1.0,1.0,1.0,2.0,4.0,3.0,3.0,5.0,4.0,1.0,1.0,1.0,1.0,1.0,1.0,1.0,1.0,5.0,3.0,3.0,4.0,1.0,1.0,1.0,3.0,4.0,5.0,4.0
2022-06-21,4.0,6.0,3.0,1.0,1.0,1.0,1.0,1.0,1.0,6.0,3.0,4.0,3.0,2.0,4.0,1.0,1.0,1.0,2.0,4.0,3.0,1.0,1.0,1.0,1.0,1.0,1.0,4.0,3.0,3.0,4.0,5.0,3.0,5.0,4.0,1.0,1.0,1.0,1.0,3.0,5.0,4.0,1.0,1.0,1.0,1.0
2022-06-22,6.0,3.0,4.0,3.0,4.0,6.0,3.0,6.0,4.0,4.0,6.0,3.0,2.0,4.0,3.0,3.0,2.0,4.0,3.0,2.0,4.0,3.0,2.0,4.0,5.0,4.0,3.0,5.0,4.0,5.0,5.0,3.0,4.0,3.0,5.0,4.0,4.0,5.0,3.0,4.0,3.0,5.0,5.0,3.0,4.0,5.0
2022-06-23,1.0,1.0,1.0,4.0,6.0,3.0,4.0,3.0,6.0,1.0,1.0,1.0,1.0,1.0,1.0,4.0,3.0,2.0,1.0,1.0,1.0,4.0,3.0,2.0,4.0,3.0,5.0,1.0,1.0,1.0,1.0,1.0,1.0,1.0,1.0,3.0,5.0,4.0,5.0,1.0,1.0,1.0,4.0,5.0,3.0,3.0
2022-06-24,3.0,4.0,6.0,1.0,1.0,1.0,1.0,1.0,1.0,3.0,4.0,6.0,4.0,3.0,2.0,1.0,1.0,1.0,4.0,3.0,2.0,1.0,1.0,1.0,1.0,1.0,1.0,3.0,5.0,4.0,3.0,4.0,5.0,4.0,3.0,1.0,1.0,1.0,1.0,5.0,4.0,3.0,1.0,1.0,1.0,1.0
2022-06-25,0.0,0.0,0.0,0.0,0.0,0.0,0.0,0.0,0.0,0.0,0.0,0.0,0.0,0.0,0.0,0.0,0.0,0.0,0.0,0.0,0.0,0.0,0.0,0.0,0.0,0.0,0.0,0.0,0.0,0.0,0.0,0.0,0.0,0.0,0.0,0.0,0.0,0.0,0.0,0.0,0.0,0.0,0.0,0.0,0.0,0.0
2022-06-26,0.0,0.0,0.0,0.0,0.0,0.0,0.0,0.0,0.0,0.0,0.0,0.0,0.0,0.0,0.0,0.0,0.0,0.0,0.0,0.0,0.0,0.0,0.0,0.0,0.0,0.0,0.0,0.0,0.0,0.0,0.0,0.0,0.0,0.0,0.0,0.0,0.0,0.0,0.0,0.0,0.0,0.0,0.0,0.0,0.0,0.0
2022-06-27,1.0,1.0,1.0,5.0,3.0,4.0,5.0,4.0,3.0,1.0,1.0,1.0,1.0,1.0,1.0,5.0,4.0,3.0,1.0,1.0,1.0,5.0,4.0,3.0,3.0,6.0,4.0,1.0,1.0,1.0,1.0,1.0,1.0,1.0,1.0,2.0,3.0,3.0,4.0,1.0,1.0,1.0,3.0,4.0,2.0,4.0
2022-06-28,4.0,5.0,3.0,1.0,1.0,1.0,1.0,1.0,1.0,5.0,3.0,4.0,3.0,5.0,4.0,1.0,1.0,1.0,5.0,4.0,3.0,1.0,1.0,1.0,1.0,1.0,1.0,4.0,3.0,3.0,4.0,6.0,3.0,2.0,4.0,1.0,1.0,1.0,1.0,3.0,2.0,4.0,1.0,1.0,1.0,1.0
2022-06-29,5.0,3.0,4.0,3.0,4.0,5.0,3.0,5.0,4.0,4.0,5.0,3.0,5.0,4.0,3.0,3.0,5.0,4.0,3.0,5.0,4.0,3.0,5.0,4.0,6.0,4.0,3.0,6.0,4.0,6.0,6.0,3.0,4.0,3.0,2.0,4.0,4.0,2.0,3.0,4.0,3.0,2.0,2.0,3.0,4.0,2.0
2022-06-30,1.0,1.0,1.0,4.0,5.0,3.0,4.0,3.0,5.0,1.0,1.0,1.0,1.0,1.0,1.0,4.0,3.0,5.0,1.0,1.0,1.0,4.0,3.0,5.0,4.0,3.0,6.0,1.0,1.0,1.0,1.0,1.0,1.0,1.0,1.0,3.0,2.0,4.0,2.0,1.0,1.0,1.0,4.0,2.0,3.0,3.0
2022-07-01,3.0,4.0,5.0,1.0,1.0,1.0,1.0,1.0,1.0,3.0,4.0,5.0,4.0,3.0,5.0,1.0,1.0,1.0,4.0,3.0,5.0,1.0,1.0,1.0,1.0,1.0,1.0,3.0,6.0,4.0,3.0,4.0,2.0,4.0,3.0,1.0,1.0,1.0,1.0,2.0,4.0,3.0,1.0,1.0,1.0,1.0
2022-07-02,0.0,0.0,0.0,0.0,0.0,0.0,0.0,0.0,0.0,0.0,0.0,0.0,0.0,0.0,0.0,0.0,0.0,0.0,0.0,0.0,0.0,0.0,0.0,0.0,0.0,0.0,0.0,0.0,0.0,0.0,0.0,0.0,0.0,0.0,0.0,0.0,0.0,0.0,0.0,0.0,0.0,0.0,0.0,0.0,0.0,0.0
2022-07-03,0.0,0.0,0.0,0.0,0.0,0.0,0.0,0.0,0.0,0.0,0.0,0.0,0.0,0.0,0.0,0.0,0.0,0.0,0.0,0.0,0.0,0.0,0.0,0.0,0.0,0.0,0.0,0.0,0.0,0.0,0.0,0.0,0.0,0.0,0.0,0.0,0.0,0.0,0.0,0.0,0.0,0.0,0.0,0.0,0.0,0.0
2022-07-04,1.0,1.0,1.0,2.0,3.0,4.0,2.0,4.0,3.0,1.0,1.0,1.0,1.0,1.0,1.0,6.0,4.0,3.0,1.0,1.0,1.0,6.0,4.0,3.0,3.0,5.0,4.0,1.0,1.0,1.0,1.0,1.0,1.0,1.0,1.0,5.0,3.0,3.0,4.0,1.0,1.0,1.0,3.0,4.0,5.0,4.0
2022-07-05,4.0,2.0,3.0,1.0,1.0,1.0,1.0,1.0,1.0,2.0,3.0,4.0,3.0,6.0,4.0,1.0,1.0,1.0,6.0,4.0,3.0,1.0,1.0,1.0,1.0,1.0,1.0,4.0,3.0,3.0,4.0,5.0,3.0,5.0,4.0,1.0,1.0,1.0,1.0,3.0,5.0,4.0,1.0,1.0,1.0,1.0
2022-07-06,2.0,3.0,4.0,3.0,4.0,2.0,3.0,2.0,4.0,4.0,2.0,3.0,6.0,4.0,3.0,3.0,6.0,4.0,3.0,6.0,4.0,3.0,6.0,4.0,5.0,4.0,3.0,5.0,4.0,5.0,5.0,3.0,4.0,3.0,5.0,4.0,4.0,5.0,3.0,4.0,3.0,5.0,5.0,3.0,4.0,5.0
2022-07-07,1.0,1.0,1.0,4.0,2.0,3.0,4.0,3.0,2.0,1.0,1.0,1.0,1.0,1.0,1.0,4.0,3.0,6.0,1.0,1.0,1.0,4.0,3.0,6.0,4.0,3.0,5.0,1.0,1.0,1.0,1.0,1.0,1.0,1.0,1.0,3.0,5.0,4.0,5.0,1.0,1.0,1.0,4.0,5.0,3.0,3.0
2022-07-08,3.0,4.0,2.0,1.0,1.0,1.0,1.0,1.0,1.0,3.0,4.0,2.0,4.0,3.0,6.0,1.0,1.0,1.0,4.0,3.0,6.0,1.0,1.0,1.0,1.0,1.0,1.0,3.0,5.0,4.0,3.0,4.0,5.0,4.0,3.0,1.0,1.0,1.0,1.0,5.0,4.0,3.0,1.0,1.0,1.0,1.0
2022-07-09,0.0,0.0,0.0,0.0,0.0,0.0,0.0,0.0,0.0,0.0,0.0,0.0,0.0,0.0,0.0,0.0,0.0,0.0,0.0,0.0,0.0,0.0,0.0,0.0,0.0,0.0,0.0,0.0,0.0,0.0,0.0,0.0,0.0,0.0,0.0,0.0,0.0,0.0,0.0,0.0,0.0,0.0,0.0,0.0,0.0,0.0
2022-07-10,0.0,0.0,0.0,0.0,0.0,0.0,0.0,0.0,0.0,0.0,0.0,0.0,0.0,0.0,0.0,0.0,0.0,0.0,0.0,0.0,0.0,0.0,0.0,0.0,0.0,0.0,0.0,0.0,0.0,0.0,0.0,0.0,0.0,0.0,0.0,0.0,0.0,0.0,0.0,0.0,0.0,0.0,0.0,0.0,0.0,0.0
2022-07-11,1.0,1.0,1.0,5.0,3.0,4.0,5.0,4.0,3.0,1.0,1.0,1.0,1.0,1.0,1.0,5.0,4.0,3.0,1.0,1.0,1.0,5.0,4.0,3.0,3.0,2.0,4.0,1.0,1.0,1.0,1.0,1.0,1.0,1.0,1.0,6.0,3.0,3.0,4.0,1.0,1.0,1.0,3.0,4.0,6.0,4.0
2022-07-12,4.0,5.0,3.0,1.0,1.0,1.0,1.0,1.0,1.0,5.0,3.0,4.0,3.0,5.0,4.0,1.0,1.0,1.0,5.0,4.0,3.0,1.0,1.0,1.0,1.0,1.0,1.0,4.0,3.0,3.0,4.0,2.0,3.0,6.0,4.0,1.0,1.0,1.0,1.0,3.0,6.0,4.0,1.0,1.0,1.0,1.0
2022-07-13,5.0,3.0,4.0,3.0,4.0,5.0,3.0,5.0,4.0,4.0,5.0,3.0,5.0,4.0,3.0,3.0,5.0,4.0,3.0,5.0,4.0,3.0,5.0,4.0,2.0,4.0,3.0,2.0,4.0,2.0,2.0,3.0,4.0,3.0,6.0,4.0,4.0,6.0,3.0,4.0,3.0,6.0,6.0,3.0,4.0,6.0
2022-07-14,1.0,1.0,1.0,4.0,5.0,3.0,4.0,3.0,5.0,1.0,1.0,1.0,1.0,1.0,1.0,4.0,3.0,5.0,1.0,1.0,1.0,4.0,3.0,5.0,4.0,3.0,2.0,1.0,1.0,1.0,1.0,1.0,1.0,1.0,1.0,3.0,6.0,4.0,6.0,1.0,1.0,1.0,4.0,6.0,3.0,3.0
2022-07-15,3.0,4.0,5.0,1.0,1.0,1.0,1.0,1.0,1.0,3.0,4.0,5.0,4.0,3.0,5.0,1.0,1.0,1.0,4.0,3.0,5.0,1.0,1.0,1.0,1.0,1.0,1.0,3.0,2.0,4.0,3.0,4.0,6.0,4.0,3.0,1.0,1.0,1.0,1.0,6.0,4.0,3.0,1.0,1.0,1.0,1.0
2022-07-16,0.0,0.0,0.0,0.0,0.0,0.0,0.0,0.0,0.0,0.0,0.0,0.0,0.0,0.0,0.0,0.0,0.0,0.0,0.0,0.0,0.0,0.0,0.0,0.0,0.0,0.0,0.0,0.0,0.0,0.0,0.0,0.0,0.0,0.0,0.0,0.0,0.0,0.0,0.0,0.0,0.0,0.0,0.0,0.0,0.0,0.0
2022-07-17,0.0,0.0,0.0,0.0,0.0,0.0,0.0,0.0,0.0,0.0,0.0,0.0,0.0,0.0,0.0,0.0,0.0,0.0,0.0,0.0,0.0,0.0,0.0,0.0,0.0,0.0,0.0,0.0,0.0,0.0,0.0,0.0,0.0,0.0,0.0,0.0,0.0,0.0,0.0,0.0,0.0,0.0,0.0,0.0,0.0,0.0
2022-07-18,1.0,1.0,1.0,6.0,3.0,4.0,6.0,4.0,3.0,1.0,1.0,1.0,1.0,1.0,1.0,2.0,4.0,3.0,1.0,1.0,1.0,2.0,4.0,3.0,3.0,5.0,4.0,1.0,1.0,1.0,1.0,1.0,1.0,1.0,1.0,5.0,3.0,3.0,4.0,1.0,1.0,1.0,3.0,4.0,5.0,4.0
2022-07-19,4.0,6.0,3.0,1.0,1.0,1.0,1.0,1.0,1.0,6.0,3.0,4.0,3.0,2.0,4.0,1.0,1.0,1.0,2.0,4.0,3.0,1.0,1.0,1.0,1.0,1.0,1.0,4.0,3.0,3.0,4.0,5.0,3.0,5.0,4.0,1.0,1.0,1.0,1.0,3.0,5.0,4.0,1.0,1.0,1.0,1.0
2022-07-20,6.0,3.0,4.0,3.0,4.0,6.0,3.0,6.0,4.0,4.0,6.0,3.0,2.0,4.0,3.0,3.0,2.0,4.0,3.0,2.0,4.0,3.0,2.0,4.0,5.0,4.0,3.0,5.0,4.0,5.0,5.0,3.0,4.0,3.0,5.0,4.0,4.0,5.0,3.0,4.0,3.0,5.0,5.0,3.0,4.0,5.0
2022-07-21,1.0,1.0,1.0,4.0,6.0,3.0,4.0,3.0,6.0,1.0,1.0,1.0,1.0,1.0,1.0,4.0,3.0,2.0,1.0,1.0,1.0,4.0,3.0,2.0,4.0,3.0,5.0,1.0,1.0,1.0,1.0,1.0,1.0,1.0,1.0,3.0,5.0,4.0,5.0,1.0,1.0,1.0,4.0,5.0,3.0,3.0
2022-07-22,3.0,4.0,6.0,1.0,1.0,1.0,1.0,1.0,1.0,3.0,4.0,6.0,4.0,3.0,2.0,1.0,1.0,1.0,4.0,3.0,2.0,1.0,1.0,1.0,1.0,1.0,1.0,3.0,5.0,4.0,3.0,4.0,5.0,4.0,3.0,1.0,1.0,1.0,1.0,5.0,4.0,3.0,1.0,1.0,1.0,1.0
2022-07-23,0.0,0.0,0.0,0.0,0.0,0.0,0.0,0.0,0.0,0.0,0.0,0.0,0.0,0.0,0.0,0.0,0.0,0.0,0.0,0.0,0.0,0.0,0.0,0.0,0.0,0.0,0.0,0.0,0.0,0.0,0.0,0.0,0.0,0.0,0.0,0.0,0.0,0.0,0.0,0.0,0.0,0.0,0.0,0.0,0.0,0.0
2022-07-24,0.0,0.0,0.0,0.0,0.0,0.0,0.0,0.0,0.0,0.0,0.0,0.0,0.0,0.0,0.0,0.0,0.0,0.0,0.0,0.0,0.0,0.0,0.0,0.0,0.0,0.0,0.0,0.0,0.0,0.0,0.0,0.0,0.0,0.0,0.0,0.0,0.0,0.0,0.0,0.0,0.0,0.0,0.0,0.0,0.0,0.0
2022-07-25,1.0,1.0,1.0,5.0,3.0,4.0,5.0,4.0,3.0,1.0,1.0,1.0,1.0,1.0,1.0,5.0,4.0,3.0,1.0,1.0,1.0,5.0,4.0,3.0,3.0,6.0,4.0,1.0,1.0,1.0,1.0,1.0,1.0,1.0,1.0,2.0,3.0,3.0,4.0,1.0,1.0,1.0,3.0,4.0,2.0,4.0
2022-07-26,4.0,5.0,3.0,1.0,1.0,1.0,1.0,1.0,1.0,5.0,3.0,4.0,3.0,5.0,4.0,1.0,1.0,1.0,5.0,4.0,3.0,1.0,1.0,1.0,1.0,1.0,1.0,4.0,3.0,3.0,4.0,6.0,3.0,2.0,4.0,1.0,1.0,1.0,1.0,3.0,2.0,4.0,1.0,1.0,1.0,1.0
2022-07-27,5.0,3.0,4.0,3.0,4.0,5.0,3.0,5.0,4.0,4.0,5.0,3.0,5.0,4.0,3.0,3.0,5.0,4.0,3.0,5.0,4.0,3.0,5.0,4.0,6.0,4.0,3.0,6.0,4.0,6.0,6.0,3.0,4.0,3.0,2.0,4.0,4.0,2.0,3.0,4.0,3.0,2.0,2.0,3.0,4.0,2.0
2022-07-28,1.0,1.0,1.0,4.0,5.0,3.0,4.0,3.0,5.0,1.0,1.0,1.0,1.0,1.0,1.0,4.0,3.0,5.0,1.0,1.0,1.0,4.0,3.0,5.0,4.0,3.0,6.0,1.0,1.0,1.0,1.0,1.0,1.0,1.0,1.0,3.0,2.0,4.0,2.0,1.0,1.0,1.0,4.0,2.0,3.0,3.0
2022-07-29,3.0,4.0,5.0,1.0,1.0,1.0,1.0,1.0,1.0,3.0,4.0,5.0,4.0,3.0,5.0,1.0,1.0,1.0,4.0,3.0,5.0,1.0,1.0,1.0,1.0,1.0,1.0,3.0,6.0,4.0,3.0,4.0,2.0,4.0,3.0,1.0,1.0,1.0,1.0,2.0,4.0,3.0,1.0,1.0,1.0,1.0
2022-07-30,0.0,0.0,0.0,0.0,0.0,0.0,0.0,0.0,0.0,0.0,0.0,0.0,0.0,0.0,0.0,0.0,0.0,0.0,0.0,0.0,0.0,0.0,0.0,0.0,0.0,0.0,0.0,0.0,0.0,0.0,0.0,0.0,0.0,0.0,0.0,0.0,0.0,0.0,0.0,0.0,0.0,0.0,0.0,0.0,0.0,0.0
2022-07-31,0.0,0.0,0.0,0.0,0.0,0.0,0.0,0.0,0.0,0.0,0.0,0.0,0.0,0.0,0.0,0.0,0.0,0.0,0.0,0.0,0.0,0.0,0.0,0.0,0.0,0.0,0.0,0.0,0.0,0.0,0.0,0.0,0.0,0.0,0.0,0.0,0.0,0.0,0.0,0.0,0.0,0.0,0.0,0.0,0.0,0.0
2022-08-01,1.0,1.0,1.0,2.0,3.0,4.0,2.0,4.0,3.0,1.0,1.0,1.0,1.0,1.0,1.0,6.0,4.0,3.0,1.0,1.0,1.0,6.0,4.0,3.0,3.0,5.0,4.0,1.0,1.0,1.0,1.0,1.0,1.0,1.0,1.0,5.0,3.0,3.0,4.0,1.0,1.0,1.0,3.0,4.0,5.0,4.0
2022-08-02,4.0,2.0,3.0,1.0,1.0,1.0,1.0,1.0,1.0,2.0,3.0,4.0,3.0,6.0,4.0,1.0,1.0,1.0,6.0,4.0,3.0,1.0,1.0,1.0,1.0,1.0,1.0,4.0,3.0,3.0,4.0,5.0,3.0,5.0,4.0,1.0,1.0,1.0,1.0,3.0,5.0,4.0,1.0,1.0,1.0,1.0
2022-08-03,2.0,3.0,4.0,3.0,4.0,2.0,3.0,2.0,4.0,4.0,2.0,3.0,6.0,4.0,3.0,3.0,6.0,4.0,3.0,6.0,4.0,3.0,6.0,4.0,5.0,4.0,3.0,5.0,4.0,5.0,5.0,3.0,4.0,3.0,5.0,4.0,4.0,5.0,3.0,4.0,3.0,5.0,5.0,3.0,4.0,5.0
2022-08-04,1.0,1.0,1.0,4.0,2.0,3.0,4.0,3.0,2.0,1.0,1.0,1.0,1.0,1.0,1.0,4.0,3.0,6.0,1.0,1.0,1.0,4.0,3.0,6.0,4.0,3.0,5.0,1.0,1.0,1.0,1.0,1.0,1.0,1.0,1.0,3.0,5.0,4.0,5.0,1.0,1.0,1.0,4.0,5.0,3.0,3.0
2022-08-05,3.0,4.0,2.0,1.0,1.0,1.0,1.0,1.0,1.0,3.0,4.0,2.0,4.0,3.0,6.0,1.0,1.0,1.0,4.0,3.0,6.0,1.0,1.0,1.0,1.0,1.0,1.0,3.0,5.0,4.0,3.0,4.0,5.0,4.0,3.0,1.0,1.0,1.0,1.0,5.0,4.0,3.0,1.0,1.0,1.0,1.0
2022-08-06,0.0,0.0,0.0,0.0,0.0,0.0,0.0,0.0,0.0,0.0,0.0,0.0,0.0,0.0,0.0,0.0,0.0,0.0,0.0,0.0,0.0,0.0,0.0,0.0,0.0,0.0,0.0,0.0,0.0,0.0,0.0,0.0,0.0,0.0,0.0,0.0,0.0,0.0,0.0,0.0,0.0,0.0,0.0,0.0,0.0,0.0
2022-08-07,0.0,0.0,0.0,0.0,0.0,0.0,0.0,0.0,0.0,0.0,0.0,0.0,0.0,0.0,0.0,0.0,0.0,0.0,0.0,0.0,0.0,0.0,0.0,0.0,0.0,0.0,0.0,0.0,0.0,0.0,0.0,0.0,0.0,0.0,0.0,0.0,0.0,0.0,0.0,0.0,0.0,0.0,0.0,0.0,0.0,0.0
2022-08-08,1.0,1.0,1.0,5.0,3.0,4.0,5.0,4.0,3.0,1.0,1.0,1.0,1.0,1.0,1.0,5.0,4.0,3.0,1.0,1.0,1.0,5.0,4.0,3.0,3.0,2.0,4.0,1.0,1.0,1.0,1.0,1.0,1.0,1.0,1.0,6.0,3.0,3.0,4.0,1.0,1.0,1.0,3.0,4.0,6.0,4.0
2022-08-09,4.0,5.0,3.0,1.0,1.0,1.0,1.0,1.0,1.0,5.0,3.0,4.0,3.0,5.0,4.0,1.0,1.0,1.0,5.0,4.0,3.0,1.0,1.0,1.0,1.0,1.0,1.0,4.0,3.0,3.0,4.0,2.0,3.0,6.0,4.0,1.0,1.0,1.0,1.0,3.0,6.0,4.0,1.0,1.0,1.0,1.0
2022-08-10,5.0,3.0,4.0,3.0,4.0,5.0,3.0,5.0,4.0,4.0,5.0,3.0,5.0,4.0,3.0,3.0,5.0,4.0,3.0,5.0,4.0,3.0,5.0,4.0,2.0,4.0,3.0,2.0,4.0,2.0,2.0,3.0,4.0,3.0,6.0,4.0,4.0,6.0,3.0,4.0,3.0,6.0,6.0,3.0,4.0,6.0
2022-08-11,1.0,1.0,1.0,4.0,5.0,3.0,4.0,3.0,5.0,1.0,1.0,1.0,1.0,1.0,1.0,4.0,3.0,5.0,1.0,1.0,1.0,4.0,3.0,5.0,4.0,3.0,2.0,1.0,1.0,1.0,1.0,1.0,1.0,1.0,1.0,3.0,6.0,4.0,6.0,1.0,1.0,1.0,4.0,6.0,3.0,3.0
2022-08-12,3.0,4.0,5.0,1.0,1.0,1.0,1.0,1.0,1.0,3.0,4.0,5.0,4.0,3.0,5.0,1.0,1.0,1.0,4.0,3.0,5.0,1.0,1.0,1.0,1.0,1.0,1.0,3.0,2.0,4.0,3.0,4.0,6.0,4.0,3.0,1.0,1.0,1.0,1.0,6.0,4.0,3.0,1.0,1.0,1.0,1.0
2022-08-13,0.0,0.0,0.0,0.0,0.0,0.0,0.0,0.0,0.0,0.0,0.0,0.0,0.0,0.0,0.0,0.0,0.0,0.0,0.0,0.0,0.0,0.0,0.0,0.0,0.0,0.0,0.0,0.0,0.0,0.0,0.0,0.0,0.0,0.0,0.0,0.0,0.0,0.0,0.0,0.0,0.0,0.0,0.0,0.0,0.0,0.0
2022-08-14,0.0,0.0,0.0,0.0,0.0,0.0,0.0,0.0,0.0,0.0,0.0,0.0,0.0,0.0,0.0,0.0,0.0,0.0,0.0,0.0,0.0,0.0,0.0,0.0,0.0,0.0,0.0,0.0,0.0,0.0,0.0,0.0,0.0,0.0,0.0,0.0,0.0,0.0,0.0,0.0,0.0,0.0,0.0,0.0,0.0,0.0
2022-08-15,1.0,1.0,1.0,6.0,3.0,4.0,6.0,4.0,3.0,1.0,1.0,1.0,1.0,1.0,1.0,2.0,4.0,3.0,1.0,1.0,1.0,2.0,4.0,3.0,3.0,5.0,4.0,1.0,1.0,1.0,1.0,1.0,1.0,1.0,1.0,5.0,3.0,3.0,4.0,1.0,1.0,1.0,3.0,4.0,5.0,4.0
2022-08-16,4.0,6.0,3.0,1.0,1.0,1.0,1.0,1.0,1.0,6.0,3.0,4.0,3.0,2.0,4.0,1.0,1.0,1.0,2.0,4.0,3.0,1.0,1.0,1.0,1.0,1.0,1.0,4.0,3.0,3.0,4.0,5.0,3.0,5.0,4.0,1.0,1.0,1.0,1.0,3.0,5.0,4.0,1.0,1.0,1.0,1.0
2022-08-17,6.0,3.0,4.0,3.0,4.0,6.0,3.0,6.0,4.0,4.0,6.0,3.0,2.0,4.0,3.0,3.0,2.0,4.0,3.0,2.0,4.0,3.0,2.0,4.0,5.0,4.0,3.0,5.0,4.0,5.0,5.0,3.0,4.0,3.0,5.0,4.0,4.0,5.0,3.0,4.0,3.0,5.0,5.0,3.0,4.0,5.0
2022-08-18,1.0,1.0,1.0,4.0,6.0,3.0,4.0,3.0,6.0,1.0,1.0,1.0,1.0,1.0,1.0,4.0,3.0,2.0,1.0,1.0,1.0,4.0,3.0,2.0,4.0,3.0,5.0,1.0,1.0,1.0,1.0,1.0,1.0,1.0,1.0,3.0,5.0,4.0,5.0,1.0,1.0,1.0,4.0,5.0,3.0,3.0
2022-08-19,3.0,4.0,6.0,1.0,1.0,1.0,1.0,1.0,1.0,3.0,4.0,6.0,4.0,3.0,2.0,1.0,1.0,1.0,4.0,3.0,2.0,1.0,1.0,1.0,1.0,1.0,1.0,3.0,5.0,4.0,3.0,4.0,5.0,4.0,3.0,1.0,1.0,1.0,1.0,5.0,4.0,3.0,1.0,1.0,1.0,1.0
2022-08-20,0.0,0.0,0.0,0.0,0.0,0.0,0.0,0.0,0.0,0.0,0.0,0.0,0.0,0.0,0.0,0.0,0.0,0.0,0.0,0.0,0.0,0.0,0.0,0.0,0.0,0.0,0.0,0.0,0.0,0.0,0.0,0.0,0.0,0.0,0.0,0.0,0.0,0.0,0.0,0.0,0.0,0.0,0.0,0.0,0.0,0.0
2022-08-21,0.0,0.0,0.0,0.0,0.0,0.0,0.0,0.0,0.0,0.0,0.0,0.0,0.0,0.0,0.0,0.0,0.0,0.0,0.0,0.0,0.0,0.0,0.0,0.0,0.0,0.0,0.0,0.0,0.0,0.0,0.0,0.0,0.0,0.0,0.0,0.0,0.0,0.0,0.0,0.0,0.0,0.0,0.0,0.0,0.0,0.0
2022-08-22,1.0,1.0,1.0,5.0,3.0,4.0,5.0,4.0,3.0,1.0,1.0,1.0,1.0,1.0,1.0,5.0,4.0,3.0,1.0,1.0,1.0,5.0,4.0,3.0,3.0,6.0,4.0,1.0,1.0,1.0,1.0,1.0,1.0,1.0,1.0,2.0,3.0,3.0,4.0,1.0,1.0,1.0,3.0,4.0,2.0,4.0
2022-08-23,4.0,5.0,3.0,1.0,1.0,1.0,1.0,1.0,1.0,5.0,3.0,4.0,3.0,5.0,4.0,1.0,1.0,1.0,5.0,4.0,3.0,1.0,1.0,1.0,1.0,1.0,1.0,4.0,3.0,3.0,4.0,6.0,3.0,2.0,4.0,1.0,1.0,1.0,1.0,3.0,2.0,4.0,1.0,1.0,1.0,1.0
2022-08-24,5.0,3.0,4.0,3.0,4.0,5.0,3.0,5.0,4.0,4.0,5.0,3.0,5.0,4.0,3.0,3.0,5.0,4.0,3.0,5.0,4.0,3.0,5.0,4.0,6.0,4.0,3.0,6.0,4.0,6.0,6.0,3.0,4.0,3.0,2.0,4.0,4.0,2.0,3.0,4.0,3.0,2.0,2.0,3.0,4.0,2.0
2022-08-25,1.0,1.0,1.0,4.0,5.0,3.0,4.0,3.0,5.0,1.0,1.0,1.0,1.0,1.0,1.0,4.0,3.0,5.0,1.0,1.0,1.0,4.0,3.0,5.0,4.0,3.0,6.0,1.0,1.0,1.0,1.0,1.0,1.0,1.0,1.0,3.0,2.0,4.0,2.0,1.0,1.0,1.0,4.0,2.0,3.0,3.0
2022-08-26,3.0,4.0,5.0,1.0,1.0,1.0,1.0,1.0,1.0,3.0,4.0,5.0,4.0,3.0,5.0,1.0,1.0,1.0,4.0,3.0,5.0,1.0,1.0,1.0,1.0,1.0,1.0,3.0,6.0,4.0,3.0,4.0,2.0,4.0,3.0,1.0,1.0,1.0,1.0,2.0,4.0,3.0,1.0,1.0,1.0,1.0
2022-08-27,0.0,0.0,0.0,0.0,0.0,0.0,0.0,0.0,0.0,0.0,0.0,0.0,0.0,0.0,0.0,0.0,0.0,0.0,0.0,0.0,0.0,0.0,0.0,0.0,0.0,0.0,0.0,0.0,0.0,0.0,0.0,0.0,0.0,0.0,0.0,0.0,0.0,0.0,0.0,0.0,0.0,0.0,0.0,0.0,0.0,0.0
2022-08-28,0.0,0.0,0.0,0.0,0.0,0.0,0.0,0.0,0.0,0.0,0.0,0.0,0.0,0.0,0.0,0.0,0.0,0.0,0.0,0.0,0.0,0.0,0.0,0.0,0.0,0.0,0.0,0.0,0.0,0.0,0.0,0.0,0.0,0.0,0.0,0.0,0.0,0.0,0.0,0.0,0.0,0.0,0.0,0.0,0.0,0.0
2022-08-29,1.0,1.0,1.0,2.0,3.0,4.0,2.0,4.0,3.0,1.0,1.0,1.0,1.0,1.0,1.0,6.0,4.0,3.0,1.0,1.0,1.0,6.0,4.0,3.0,3.0,5.0,4.0,1.0,1.0,1.0,1.0,1.0,1.0,1.0,1.0,5.0,3.0,3.0,4.0,1.0,1.0,1.0,3.0,4.0,5.0,4.0
2022-08-30,4.0,2.0,3.0,1.0,1.0,1.0,1.0,1.0,1.0,2.0,3.0,4.0,3.0,6.0,4.0,1.0,1.0,1.0,6.0,4.0,3.0,1.0,1.0,1.0,1.0,1.0,1.0,4.0,3.0,3.0,4.0,5.0,3.0,5.0,4.0,1.0,1.0,1.0,1.0,3.0,5.0,4.0,1.0,1.0,1.0,1.0
2022-08-31,2.0,3.0,4.0,3.0,4.0,2.0,3.0,2.0,4.0,4.0,2.0,3.0,6.0,4.0,3.0,3.0,6.0,4.0,3.0,6.0,4.0,3.0,6.0,4.0,5.0,4.0,3.0,5.0,4.0,5.0,5.0,3.0,4.0,3.0,5.0,4.0,4.0,5.0,3.0,4.0,3.0,5.0,5.0,3.0,4.0,5.0
2022-09-01,1.0,1.0,1.0,4.0,2.0,3.0,4.0,3.0,2.0,1.0,1.0,1.0,1.0,1.0,1.0,4.0,3.0,6.0,1.0,1.0,1.0,4.0,3.0,6.0,4.0,3.0,5.0,1.0,1.0,1.0,1.0,1.0,1.0,1.0,1.0,3.0,5.0,4.0,5.0,1.0,1.0,1.0,4.0,5.0,3.0,3.0
2022-09-02,3.0,4.0,2.0,1.0,1.0,1.0,1.0,1.0,1.0,3.0,4.0,2.0,4.0,3.0,6.0,1.0,1.0,1.0,4.0,3.0,6.0,1.0,1.0,1.0,1.0,1.0,1.0,3.0,5.0,4.0,3.0,4.0,5.0,4.0,3.0,1.0,1.0,1.0,1.0,5.0,4.0,3.0,1.0,1.0,1.0,1.0
2022-09-03,0.0,0.0,0.0,0.0,0.0,0.0,0.0,0.0,0.0,0.0,0.0,0.0,0.0,0.0,0.0,0.0,0.0,0.0,0.0,0.0,0.0,0.0,0.0,0.0,0.0,0.0,0.0,0.0,0.0,0.0,0.0,0.0,0.0,0.0,0.0,0.0,0.0,0.0,0.0,0.0,0.0,0.0,0.0,0.0,0.0,0.0
2022-09-04,0.0,0.0,0.0,0.0,0.0,0.0,0.0,0.0,0.0,0.0,0.0,0.0,0.0,0.0,0.0,0.0,0.0,0.0,0.0,0.0,0.0,0.0,0.0,0.0,0.0,0.0,0.0,0.0,0.0,0.0,0.0,0.0,0.0,0.0,0.0,0.0,0.0,0.0,0.0,0.0,0.0,0.0,0.0,0.0,0.0,0.0
2022-09-05,1.0,1.0,1.0,5.0,3.0,4.0,5.0,4.0,3.0,1.0,1.0,1.0,1.0,1.0,1.0,5.0,4.0,3.0,1.0,1.0,1.0,5.0,4.0,3.0,3.0,2.0,4.0,1.0,1.0,1.0,1.0,1.0,1.0,1.0,1.0,6.0,3.0,3.0,4.0,1.0,1.0,1.0,3.0,4.0,6.0,4.0
2022-09-06,4.0,5.0,3.0,1.0,1.0,1.0,1.0,1.0,1.0,5.0,3.0,4.0,3.0,5.0,4.0,1.0,1.0,1.0,5.0,4.0,3.0,1.0,1.0,1.0,1.0,1.0,1.0,4.0,3.0,3.0,4.0,2.0,3.0,6.0,4.0,1.0,1.0,1.0,1.0,3.0,6.0,4.0,1.0,1.0,1.0,1.0
2022-09-07,5.0,3.0,4.0,3.0,4.0,5.0,3.0,5.0,4.0,4.0,5.0,3.0,5.0,4.0,3.0,3.0,5.0,4.0,3.0,5.0,4.0,3.0,5.0,4.0,2.0,4.0,3.0,2.0,4.0,2.0,2.0,3.0,4.0,3.0,6.0,4.0,4.0,6.0,3.0,4.0,3.0,6.0,6.0,3.0,4.0,6.0
2022-09-08,1.0,1.0,1.0,4.0,5.0,3.0,4.0,3.0,5.0,1.0,1.0,1.0,1.0,1.0,1.0,4.0,3.0,5.0,1.0,1.0,1.0,4.0,3.0,5.0,4.0,3.0,2.0,1.0,1.0,1.0,1.0,1.0,1.0,1.0,1.0,3.0,6.0,4.0,6.0,1.0,1.0,1.0,4.0,6.0,3.0,3.0
2022-09-09,3.0,4.0,5.0,1.0,1.0,1.0,1.0,1.0,1.0,3.0,4.0,5.0,4.0,3.0,5.0,1.0,1.0,1.0,4.0,3.0,5.0,1.0,1.0,1.0,1.0,1.0,1.0,3.0,2.0,4.0,3.0,4.0,6.0,4.0,3.0,1.0,1.0,1.0,1.0,6.0,4.0,3.0,1.0,1.0,1.0,1.0
2022-09-10,0.0,0.0,0.0,0.0,0.0,0.0,0.0,0.0,0.0,0.0,0.0,0.0,0.0,0.0,0.0,0.0,0.0,0.0,0.0,0.0,0.0,0.0,0.0,0.0,0.0,0.0,0.0,0.0,0.0,0.0,0.0,0.0,0.0,0.0,0.0,0.0,0.0,0.0,0.0,0.0,0.0,0.0,0.0,0.0,0.0,0.0
2022-09-11,0.0,0.0,0.0,0.0,0.0,0.0,0.0,0.0,0.0,0.0,0.0,0.0,0.0,0.0,0.0,0.0,0.0,0.0,0.0,0.0,0.0,0.0,0.0,0.0,0.0,0.0,0.0,0.0,0.0,0.0,0.0,0.0,0.0,0.0,0.0,0.0,0.0,0.0,0.0,0.0,0.0,0.0,0.0,0.0,0.0,0.0
2022-09-12,1.0,1.0,1.0,6.0,3.0,4.0,6.0,4.0,3.0,1.0,1.0,1.0,1.0,1.0,1.0,2.0,4.0,3.0,1.0,1.0,1.0,2.0,4.0,3.0,3.0,5.0,4.0,1.0,1.0,1.0,1.0,1.0,1.0,1.0,1.0,5.0,3.0,3.0,4.0,1.0,1.0,1.0,3.0,4.0,5.0,4.0
2022-09-13,4.0,6.0,3.0,1.0,1.0,1.0,1.0,1.0,1.0,6.0,3.0,4.0,3.0,2.0,4.0,1.0,1.0,1.0,2.0,4.0,3.0,1.0,1.0,1.0,1.0,1.0,1.0,4.0,3.0,3.0,4.0,5.0,3.0,5.0,4.0,1.0,1.0,1.0,1.0,3.0,5.0,4.0,1.0,1.0,1.0,1.0
2022-09-14,6.0,3.0,4.0,3.0,4.0,6.0,3.0,6.0,4.0,4.0,6.0,3.0,2.0,4.0,3.0,3.0,2.0,4.0,3.0,2.0,4.0,3.0,2.0,4.0,5.0,4.0,3.0,5.0,4.0,5.0,5.0,3.0,4.0,3.0,5.0,4.0,4.0,5.0,3.0,4.0,3.0,5.0,5.0,3.0,4.0,5.0
2022-09-15,1.0,1.0,1.0,4.0,6.0,3.0,4.0,3.0,6.0,1.0,1.0,1.0,1.0,1.0,1.0,4.0,3.0,2.0,1.0,1.0,1.0,4.0,3.0,2.0,4.0,3.0,5.0,1.0,1.0,1.0,1.0,1.0,1.0,1.0,1.0,3.0,5.0,4.0,5.0,1.0,1.0,1.0,4.0,5.0,3.0,3.0
2022-09-16,3.0,4.0,6.0,1.0,1.0,1.0,1.0,1.0,1.0,3.0,4.0,6.0,4.0,3.0,2.0,1.0,1.0,1.0,4.0,3.0,2.0,1.0,1.0,1.0,1.0,1.0,1.0,3.0,5.0,4.0,3.0,4.0,5.0,4.0,3.0,1.0,1.0,1.0,1.0,5.0,4.0,3.0,1.0,1.0,1.0,1.0
2022-09-17,0.0,0.0,0.0,0.0,0.0,0.0,0.0,0.0,0.0,0.0,0.0,0.0,0.0,0.0,0.0,0.0,0.0,0.0,0.0,0.0,0.0,0.0,0.0,0.0,0.0,0.0,0.0,0.0,0.0,0.0,0.0,0.0,0.0,0.0,0.0,0.0,0.0,0.0,0.0,0.0,0.0,0.0,0.0,0.0,0.0,0.0
2022-09-18,0.0,0.0,0.0,0.0,0.0,0.0,0.0,0.0,0.0,0.0,0.0,0.0,0.0,0.0,0.0,0.0,0.0,0.0,0.0,0.0,0.0,0.0,0.0,0.0,0.0,0.0,0.0,0.0,0.0,0.0,0.0,0.0,0.0,0.0,0.0,0.0,0.0,0.0,0.0,0.0,0.0,0.0,0.0,0.0,0.0,0.0
2022-09-19,1.0,1.0,1.0,5.0,3.0,4.0,5.0,4.0,3.0,1.0,1.0,1.0,1.0,1.0,1.0,5.0,4.0,3.0,1.0,1.0,1.0,5.0,4.0,3.0,3.0,6.0,4.0,1.0,1.0,1.0,1.0,1.0,1.0,1.0,1.0,2.0,3.0,3.0,4.0,1.0,1.0,1.0,3.0,4.0,2.0,4.0
2022-09-20,4.0,5.0,3.0,1.0,1.0,1.0,1.0,1.0,1.0,5.0,3.0,4.0,3.0,5.0,4.0,1.0,1.0,1.0,5.0,4.0,3.0,1.0,1.0,1.0,1.0,1.0,1.0,4.0,3.0,3.0,4.0,6.0,3.0,2.0,4.0,1.0,1.0,1.0,1.0,3.0,2.0,4.0,1.0,1.0,1.0,1.0
2022-09-21,5.0,3.0,4.0,3.0,4.0,5.0,3.0,5.0,4.0,4.0,5.0,3.0,5.0,4.0,3.0,3.0,5.0,4.0,3.0,5.0,4.0,3.0,5.0,4.0,6.0,4.0,3.0,6.0,4.0,6.0,6.0,3.0,4.0,3.0,2.0,4.0,4.0,2.0,3.0,4.0,3.0,2.0,2.0,3.0,4.0,2.0
2022-09-22,1.0,1.0,1.0,4.0,5.0,3.0,4.0,3.0,5.0,1.0,1.0,1.0,1.0,1.0,1.0,4.0,3.0,5.0,1.0,1.0,1.0,4.0,3.0,5.0,4.0,3.0,6.0,1.0,1.0,1.0,1.0,1.0,1.0,1.0,1.0,3.0,2.0,4.0,2.0,1.0,1.0,1.0,4.0,2.0,3.0,3.0
2022-09-23,3.0,4.0,5.0,1.0,1.0,1.0,1.0,1.0,1.0,3.0,4.0,5.0,4.0,3.0,5.0,1.0,1.0,1.0,4.0,3.0,5.0,1.0,1.0,1.0,1.0,1.0,1.0,3.0,6.0,4.0,3.0,4.0,2.0,4.0,3.0,1.0,1.0,1.0,1.0,2.0,4.0,3.0,1.0,1.0,1.0,1.0
2022-09-24,0.0,0.0,0.0,0.0,0.0,0.0,0.0,0.0,0.0,0.0,0.0,0.0,0.0,0.0,0.0,0.0,0.0,0.0,0.0,0.0,0.0,0.0,0.0,0.0,0.0,0.0,0.0,0.0,0.0,0.0,0.0,0.0,0.0,0.0,0.0,0.0,0.0,0.0,0.0,0.0,0.0,0.0,0.0,0.0,0.0,0.0
2022-09-25,0.0,0.0,0.0,0.0,0.0,0.0,0.0,0.0,0.0,0.0,0.0,0.0,0.0,0.0,0.0,0.0,0.0,0.0,0.0,0.0,0.0,0.0,0.0,0.0,0.0,0.0,0.0,0.0,0.0,0.0,0.0,0.0,0.0,0.0,0.0,0.0,0.0,0.0,0.0,0.0,0.0,0.0,0.0,0.0,0.0,0.0
2022-09-26,1.0,1.0,1.0,2.0,3.0,4.0,2.0,4.0,3.0,1.0,1.0,1.0,1.0,1.0,1.0,6.0,4.0,3.0,1.0,1.0,1.0,6.0,4.0,3.0,3.0,5.0,4.0,1.0,1.0,1.0,1.0,1.0,1.0,1.0,1.0,5.0,3.0,3.0,4.0,1.0,1.0,1.0,3.0,4.0,5.0,4.0
2022-09-27,4.0,2.0,3.0,1.0,1.0,1.0,1.0,1.0,1.0,2.0,3.0,4.0,3.0,6.0,4.0,1.0,1.0,1.0,6.0,4.0,3.0,1.0,1.0,1.0,1.0,1.0,1.0,4.0,3.0,3.0,4.0,5.0,3.0,5.0,4.0,1.0,1.0,1.0,1.0,3.0,5.0,4.0,1.0,1.0,1.0,1.0
2022-09-28,2.0,3.0,4.0,3.0,4.0,2.0,3.0,2.0,4.0,4.0,2.0,3.0,6.0,4.0,3.0,3.0,6.0,4.0,3.0,6.0,4.0,3.0,6.0,4.0,5.0,4.0,3.0,5.0,4.0,5.0,5.0,3.0,4.0,3.0,5.0,4.0,4.0,5.0,3.0,4.0,3.0,5.0,5.0,3.0,4.0,5.0
2022-09-29,1.0,1.0,1.0,4.0,2.0,3.0,4.0,3.0,2.0,1.0,1.0,1.0,1.0,1.0,1.0,4.0,3.0,6.0,1.0,1.0,1.0,4.0,3.0,6.0,4.0,3.0,5.0,1.0,1.0,1.0,1.0,1.0,1.0,1.0,1.0,3.0,5.0,4.0,5.0,1.0,1.0,1.0,4.0,5.0,3.0,3.0
2022-09-30,3.0,4.0,2.0,1.0,1.0,1.0,1.0,1.0,1.0,3.0,4.0,2.0,4.0,3.0,6.0,1.0,1.0,1.0,4.0,3.0,6.0,1.0,1.0,1.0,1.0,1.0,1.0,3.0,5.0,4.0,3.0,4.0,5.0,4.0,3.0,1.0,1.0,1.0,1.0,5.0,4.0,3.0,1.0,1.0,1.0,1.0
