Date,chuo-1,chuo-2,chuo-3,chuo-4,chuo-5,chuo-6,toyohira-1,toyohira-2,toyohira-3,toyohira-4,kiyota-1,kiyota-2,kita-1,kita-2,kita-3,kita-4,kita-5,kita-6,higashi-1,higashi-2,higashi-3,higashi-4,higashi-5,higashi-6,shiroishi-1,shiroishi-2,shiroishi-3,shiroishi-4,atsubetsu-1,atsubetsu-2,atsubetsu-3,atsubetsu-4,minami-1,minami-2,minami-3,minami-4,minami-5,minami-6,minami-7,nishi-1,nishi-2,nishi-3,nishi-4,teine-1,teine-2,teine-3
2026-10-01,1.0,1.0,1.0,4.0,5.0,3.0,4.0,3.0,5.0,1.0,1.0,1.0,1.0,1.0,1.0,4.0,3.0,5.0,1.0,1.0,1.0,4.0,3.0,5.0,4.0,3.0,2.0,1.0,1.0,1.0,1.0,1.0,1.0,1.0,1.0,3.0,6.0,4.0,6.0,1.0,1.0,1.0,4.0,6.0,3.0,3.0
2026-10-02,3.0,4.0,5.0,1.0,1.0,1.0,1.0,1.0,1.0,3.0,4.0,5.0,4.0,3.0,5.0,1.0,1.0,1.0,4.0,3.0,5.0,1.0,1.0,1.0,1.0,1.0,1.0,3.0,2.0,4.0,3.0,4.0,6.0,4.0,3.0,1.0,1.0,1.0,1.0,6.0,4.0,3.0,1.0,1.0,1.0,1.0
2026-10-03,0.0,0.0,0.0,0.0,0.0,0.0,0.0,0.0,0.0,0.0,0.0,0.0,0.0,0.0,0.0,0.0,0.0,0.0,0.0,0.0,0.0,0.0,0.0,0.0,0.0,0.0,0.0,0.0,0.0,0.0,0.0,0.0,0.0,0.0,0.0,0.0,0.0,0.0,0.0,0.0,0.0,0.0,0.0,0.0,0.0,0.0
2026-10-04,0.0,0.0,0.0,0.0,0.0,0.0,0.0,0.0,0.0,0.0,0.0,0.0,0.0,0.0,0.0,0.0,0.0,0.0,0.0,0.0,0.0,0.0,0.0,0.0,0.0,0.0,0.0,0.0,0.0,0.0,0.0,0.0,0.0,0.0,0.0,0.0,0.0,0.0,0.0,0.0,0.0,0.0,0.0,0.0,0.0,0.0
2026-10-05,1.0,1.0,1.0,6.0,3.0,4.0,6.0,4.0,3.0,1.0,1.0,1.0,1.0,1.0,1.0,2.0,4.0,3.0,1.0,1.0,1.0,2.0,4.0,3.0,3.0,5.0,4.0,1.0,1.0,1.0,1.0,1.0,1.0,1.0,1.0,5.0,3.0,3.0,4.0,1.0,1.0,1.0,3.0,4.0,5.0,4.0
2026-10-06,4.0,6.0,3.0,1.0,1.0,1.0,1.0,1.0,1.0,6.0,3.0,4.0,3.0,2.0,4.0,1.0,1.0,1.0,2.0,4.0,3.0,1.0,1.0,1.0,1.0,1.0,1.0,4.0,3.0,3.0,4.0,5.0,3.0,5.0,4.0,1.0,1.0,1.0,1.0,3.0,5.0,4.0,1.0,1.0,1.0,1.0
2026-10-07,6.0,3.0,4.0,3.0,4.0,6.0,3.0,6.0,4.0,4.0,6.0,3.0,2.0,4.0,3.0,3.0,2.0,4.0,3.0,2.0,4.0,3.0,2.0,4.0,5.0,4.0,3.0,5.0,4.0,5.0,5.0,3.0,4.0,3.0,5.0,4.0,4.0,5.0,3.0,4.0,3.0,5.0,5.0,3.0,4.0,5.0
2026-10-08,1.0,1.0,1.0,4.0,6.0,3.0,4.0,3.0,6.0,1.0,1.0,1.0,1.0,1.0,1.0,4.0,3.0,2.0,1.0,1.0,1.0,4.0,3.0,2.0,4.0,3.0,5.0,1.0,1.0,1.0,1.0,1.0,1.0,1.0,1.0,3.0,5.0,4.0,5.0,1.0,1.0,1.0,4.0,5.0,3.0,3.0
2026-10-09,3.0,4.0,6.0,1.0,1.0,1.0,1.0,1.0,1.0,3.0,4.0,6.0,4.0,3.0,2.0,1.0,1.0,1.0,4.0,3.0,2.0,1.0,1.0,1.0,1.0,1.0,1.0,3.0,5.0,4.0,3.0,4.0,5.0,4.0,3.0,1.0,1.0,1.0,1.0,5.0,4.0,3.0,1.0,1.0,1.0,1.0
2026-10-10,0.0,0.0,0.0,0.0,0.0,0.0,0.0,0.0,0.0,0.0,0.0,0.0,0.0,0.0,0.0,0.0,0.0,0.0,0.0,0.0,0.0,0.0,0.0,0.0,0.0,0.0,0.0,0.0,0.0,0.0,0.0,0.0,0.0,0.0,0.0,0.0,0.0,0.0,0.0,0.0,0.0,0.0,0.0,0.0,0.0,0.0
2026-10-11,0.0,0.0,0.0,0.0,0.0,0.0,0.0,0.0,0.0,0.0,0.0,0.0,0.0,0.0,0.0,0.0,0.0,0.0,0.0,0.0,0.0,0.0,0.0,0.0,0.0,0.0,0.0,0.0,0.0,0.0,0.0,0.0,0.0,0.0,0.0,0.0,0.0,0.0,0.0,0.0,0.0,0.0,0.0,0.0,0.0,0.0
2026-10-12,1.0,1.0,1.0,5.0,3.0,4.0,5.0,4.0,3.0,1.0,1.0,1.0,1.0,1.0,1.0,5.0,4.0,3.0,1.0,1.0,1.0,5.0,4.0,3.0,3.0,6.0,4.0,1.0,1.0,1.0,1.0,1.0,1.0,1.0,1.0,2.0,3.0,3.0,4.0,1.0,1.0,1.0,3.0,4.0,2.0,4.0
2026-10-13,4.0,5.0,3.0,1.0,1.0,1.0,1.0,1.0,1.0,5.0,3.0,4.0,3.0,5.0,4.0,1.0,1.0,1.0,5.0,4.0,3.0,1.0,1.0,1.0,1.0,1.0,1.0,4.0,3.0,3.0,4.0,6.0,3.0,2.0,4.0,1.0,1.0,1.0,1.0,3.0,2.0,4.0,1.0,1.0,1.0,1.0
2026-10-14,5.0,3.0,4.0,3.0,4.0,5.0,3.0,5.0,4.0,4.0,5.0,3.0,5.0,4.0,3.0,3.0,5.0,4.0,3.0,5.0,4.0,3.0,5.0,4.0,6.0,4.0,3.0,6.0,4.0,6.0,6.0,3.0,4.0,3.0,2.0,4.0,4.0,2.0,3.0,4.0,3.0,2.0,2.0,3.0,4.0,2.0
2026-10-15,1.0,1.0,1.0,4.0,5.0,3.0,4.0,3.0,5.0,1.0,1.0,1.0,1.0,1.0,1.0,4.0,3.0,5.0,1.0,1.0,1.0,4.0,3.0,5.0,4.0,3.0,6.0,1.0,1.0,1.0,1.0,1.0,1.0,1.0,1.0,3.0,2.0,4.0,2.0,1.0,1.0,1.0,4.0,2.0,3.0,3.0
2026-10-16,3.0,4.0,5.0,1.0,1.0,1.0,1.0,1.0,1.0,3.0,4.0,5.0,4.0,3.0,5.0,1.0,1.0,1.0,4.0,3.0,5.0,1.0,1.0,1.0,1.0,1.0,1.0,3.0,6.0,4.0,3.0,4.0,2.0,4.0,3.0,1.0,1.0,1.0,1.0,2.0,4.0,3.0,1.0,1.0,1.0,1.0
2026-10-17,0.0,0.0,0.0,0.0,0.0,0.0,0.0,0.0,0.0,0.0,0.0,0.0,0.0,0.0,0.0,0.0,0.0,0.0,0.0,0.0,0.0,0.0,0.0,0.0,0.0,0.0,0.0,0.0,0.0,0.0,0.0,0.0,0.0,0.0,0.0,0.0,0.0,0.0,0.0,0.0,0.0,0.0,0.0,0.0,0.0,0.0
2026-10-18,0.0,0.0,0.0,0.0,0.0,0.0,0.0,0.0,0.0,0.0,0.0,0.0,0.0,0.0,0.0,0.0,0.0,0.0,0.0,0.0,0.0,0.0,0.0,0.0,0.0,0.0,0.0,0.0,0.0,0.0,0.0,0.0,0.0,0.0,0.0,0.0,0.0,0.0,0.0,0.0,0.0,0.0,0.0,0.0,0.0,0.0
2026-10-19,1.0,1.0,1.0,2.0,3.0,4.0,2.0,4.0,3.0,1.0,1.0,1.0,1.0,1.0,1.0,6.0,4.0,3.0,1.0,1.0,1.0,6.0,4.0,3.0,3.0,5.0,4.0,1.0,1.0,1.0,1.0,1.0,1.0,1.0,1.0,5.0,3.0,3.0,4.0,1.0,1.0,1.0,3.0,4.0,5.0,4.0
2026-10-20,4.0,2.0,3.0,1.0,1.0,1.0,1.0,1.0,1.0,2.0,3.0,4.0,3.0,6.0,4.0,1.0,1.0,1.0,6.0,4.0,3.0,1.0,1.0,1.0,1.0,1.0,1.0,4.0,3.0,3.0,4.0,5.0,3.0,5.0,4.0,1.0,1.0,1.0,1.0,3.0,5.0,4.0,1.0,1.0,1.0,1.0
2026-10-21,2.0,3.0,4.0,3.0,4.0,2.0,3.0,2.0,4.0,4.0,2.0,3.0,6.0,4.0,3.0,3.0,6.0,4.0,3.0,6.0,4.0,3.0,6.0,4.0,5.0,4.0,3.0,5.0,4.0,5.0,5.0,3.0,4.0,3.0,5.0,4.0,4.0,5.0,3.0,4.0,3.0,5.0,5.0,3.0,4.0,5.0
2026-10-22,1.0,1.0,1.0,4.0,2.0,3.0,4.0,3.0,2.0,1.0,1.0,1.0,1.0,1.0,1.0,4.0,3.0,6.0,1.0,1.0,1.0,4.0,3.0,6.0,4.0,3.0,5.0,1.0,1.0,1.0,1.0,1.0,1.0,1.0,1.0,3.0,5.0,4.0,5.0,1.0,1.0,1.0,4.0,5.0,3.0,3.0
2026-10-23,3.0,4.0,2.0,1.0,1.0,1.0,1.0,1.0,1.0,3.0,4.0,2.0,4.0,3.0,6.0,1.0,1.0,1.0,4.0,3.0,6.0,1.0,1.0,1.0,1.0,1.0,1.0,3.0,5.0,4.0,3.0,4.0,5.0,4.0,3.0,1.0,1.0,1.0,1.0,5.0,4.0,3.0,1.0,1.0,1.0,1.0
2026-10-24,0.0,0.0,0.0,0.0,0.0,0.0,0.0,0.0,0.0,0.0,0.0,0.0,0.0,0.0,0.0,0.0,0.0,0.0,0.0,0.0,0.0,0.0,0.0,0.0,0.0,0.0,0.0,0.0,0.0,0.0,0.0,0.0,0.0,0.0,0.0,0.0,0.0,0.0,0.0,0.0,0.0,0.0,0.0,0.0,0.0,0.0
2026-10-25,0.0,0.0,0.0,0.0,0.0,0.0,0.0,0.0,0.0,0.0,0.0,0.0,0.0,0.0,0.0,0.0,0.0,0.0,0.0,0.0,0.0,0.0,0.0,0.0,0.0,0.0,0.0,0.0,0.0,0.0,0.0,0.0,0.0,0.0,0.0,0.0,0.0,0.0,0.0,0.0,0.0,0.0,0.0,0.0,0.0,0.0
2026-10-26,1.0,1.0,1.0,5.0,3.0,4.0,5.0,4.0,3.0,1.0,1.0,1.0,1.0,1.0,1.0,5.0,4.0,3.0,1.0,1.0,1.0,5.0,4.0,3.0,3.0,2.0,4.0,1.0,1.0,1.0,1.0,1.0,1.0,1.0,1.0,6.0,3.0,3.0,4.0,1.0,1.0,1.0,3.0,4.0,6.0,4.0
2026-10-27,4.0,5.0,3.0,1.0,1.0,1.0,1.0,1.0,1.0,5.0,3.0,4.0,3.0,5.0,4.0,1.0,1.0,1.0,5.0,4.0,3.0,1.0,1.0,1.0,1.0,1.0,1.0,4.0,3.0,3.0,4.0,2.0,3.0,6.0,4.0,1.0,1.0,1.0,1.0,3.0,6.0,4.0,1.0,1.0,1.0,1.0
2026-10-28,5.0,3.0,4.0,3.0,4.0,5.0,3.0,5.0,4.0,4.0,5.0,3.0,5.0,4.0,3.0,3.0,5.0,4.0,3.0,5.0,4.0,3.0,5.0,4.0,2.0,4.0,3.0,2.0,4.0,2.0,2.0,3.0,4.0,3.0,6.0,4.0,4.0,6.0,3.0,4.0,3.0,6.0,6.0,3.0,4.0,6.0
2026-10-29,1.0,1.0,1.0,4.0,5.0,3.0,4.0,3.0,5.0,1.0,1.0,1.0,1.0,1.0,1.0,4.0,3.0,5.0,1.0,1.0,1.0,4.0,3.0,5.0,4.0,3.0,2.0,1.0,1.0,1.0,1.0,1.0,1.0,1.0,1.0,3.0,6.0,4.0,6.0,1.0,1.0,1.0,4.0,6.0,3.0,3.0
2026-10-30,3.0,4.0,5.0,1.0,1.0,1.0,1.0,1.0,1.0,3.0,4.0,5.0,4.0,3.0,5.0,1.0,1.0,1.0,4.0,3.0,5.0,1.0,1.0,1.0,1.0,1.0,1.0,3.0,2.0,4.0,3.0,4.0,6.0,4.0,3.0,1.0,1.0,1.0,1.0,6.0,4.0,3.0,1.0,1.0,1.0,1.0
2026-10-31,0.0,0.0,0.0,0.0,0.0,0.0,0.0,0.0,0.0,0.0,0.0,0.0,0.0,0.0,0.0,0.0,0.0,0.0,0.0,0.0,0.0,0.0,0.0,0.0,0.0,0.0,0.0,0.0,0.0,0.0,0.0,0.0,0.0,0.0,0.0,0.0,0.0,0.0,0.0,0.0,0.0,0.0,0.0,0.0,0.0,0.0
2026-11-01,0.0,0.0,0.0,0.0,0.0,0.0,0.0,0.0,0.0,0.0,0.0,0.0,0.0,0.0,0.0,0.0,0.0,0.0,0.0,0.0,0.0,0.0,0.0,0.0,0.0,0.0,0.0,0.0,0.0,0.0,0.0,0.0,0.0,0.0,0.0,0.0,0.0,0.0,0.0,0.0,0.0,0.0,0.0,0.0,0.0,0.0
2026-11-02,1.0,1.0,1.0,6.0,3.0,4.0,6.0,4.0,3.0,1.0,1.0,1.0,1.0,1.0,1.0,2.0,4.0,3.0,1.0,1.0,1.0,2.0,4.0,3.0,3.0,5.0,4.0,1.0,1.0,1.0,1.0,1.0,1.0,1.0,1.0,5.0,3.0,3.0,4.0,1.0,1.0,1.0,3.0,4.0,5.0,4.0
2026-11-03,4.0,6.0,3.0,1.0,1.0,1.0,1.0,1.0,1.0,6.0,3.0,4.0,3.0,2.0,4.0,1.0,1.0,1.0,2.0,4.0,3.0,1.0,1.0,1.0,1.0,1.0,1.0,4.0,3.0,3.0,4.0,5.0,3.0,5.0,4.0,1.0,1.0,1.0,1.0,3.0,5.0,4.0,1.0,1.0,1.0,1.0
2026-11-04,6.0,3.0,4.0,3.0,4.0,6.0,3.0,6.0,4.0,4.0,6.0,3.0,2.0,4.0,3.0,3.0,2.0,4.0,3.0,2.0,4.0,3.0,2.0,4.0,5.0,4.0,3.0,5.0,4.0,5.0,5.0,3.0,4.0,3.0,5.0,4.0,4.0,5.0,3.0,4.0,3.0,5.0,5.0,3.0,4.0,5.0
2026-11-05,1.0,1.0,1.0,4.0,6.0,3.0,4.0,3.0,6.0,1.0,1.0,1.0,1.0,1.0,1.0,4.0,3.0,2.0,1.0,1.0,1.0,4.0,3.0,2.0,4.0,3.0,5.0,1.0,1.0,1.0,1.0,1.0,1.0,1.0,1.0,3.0,5.0,4.0,5.0,1.0,1.0,1.0,4.0,5.0,3.0,3.0
2026-11-06,3.0,4.0,6.0,1.0,1.0,1.0,1.0,1.0,1.0,3.0,4.0,6.0,4.0,3.0,2.0,1.0,1.0,1.0,4.0,3.0,2.0,1.0,1.0,1.0,1.0,1.0,1.0,3.0,5.0,4.0,3.0,4.0,5.0,4.0,3.0,1.0,1.0,1.0,1.0,5.0,4.0,3.0,1.0,1.0,1.0,1.0
2026-11-07,0.0,0.0,0.0,0.0,0.0,0.0,0.0,0.0,0.0,0.0,0.0,0.0,0.0,0.0,0.0,0.0,0.0,0.0,0.0,0.0,0.0,0.0,0.0,0.0,0.0,0.0,0.0,0.0,0.0,0.0,0.0,0.0,0.0,0.0,0.0,0.0,0.0,0.0,0.0,0.0,0.0,0.0,0.0,0.0,0.0,0.0
2026-11-08,0.0,0.0,0.0,0.0,0.0,0.0,0.0,0.0,0.0,0.0,0.0,0.0,0.0,0.0,0.0,0.0,0.0,0.0,0.0,0.0,0.0,0.0,0.0,0.0,0.0,0.0,0.0,0.0,0.0,0.0,0.0,0.0,0.0,0.0,0.0,0.0,0.0,0.0,0.0,0.0,0.0,0.0,0.0,0.0,0.0,0.0
2026-11-09,1.0,1.0,1.0,5.0,3.0,4.0,5.0,4.0,3.0,1.0,1.0,1.0,1.0,1.0,1.0,5.0,4.0,3.0,1.0,1.0,1.0,5.0,4.0,3.0,3.0,6.0,4.0,1.0,1.0,1.0,1.0,1.0,1.0,1.0,1.0,2.0,3.0,3.0,4.0,1.0,1.0,1.0,3.0,4.0,2.0,4.0
2026-11-10,4.0,5.0,3.0,1.0,1.0,1.0,1.0,1.0,1.0,5.0,3.0,4.0,3.0,5.0,4.0,1.0,1.0,1.0,5.0,4.0,3.0,1.0,1.0,1.0,1.0,1.0,1.0,4.0,3.0,3.0,4.0,6.0,3.0,2.0,4.0,1.0,1.0,1.0,1.0,3.0,2.0,4.0,1.0,1.0,1.0,1.0
2026-11-11,5.0,3.0,4.0,3.0,4.0,5.0,3.0,5.0,4.0,4.0,5.0,3.0,5.0,4.0,3.0,3.0,5.0,4.0,3.0,5.0,4.0,3.0,5.0,4.0,6.0,4.0,3.0,6.0,4.0,6.0,6.0,3.0,4.0,3.0,2.0,4.0,4.0,2.0,3.0,4.0,3.0,2.0,2.0,3.0,4.0,2.0
2026-11-12,1.0,1.0,1.0,4.0,5.0,3.0,4.0,3.0,5.0,1.0,1.0,1.0,1.0,1.0,1.0,4.0,3.0,5.0,1.0,1.0,1.0,4.0,3.0,5.0,4.0,3.0,6.0,1.0,1.0,1.0,1.0,1.0,1.0,1.0,1.0,3.0,2.0,4.0,2.0,1.0,1.0,1.0,4.0,2.0,3.0,3.0
2026-11-13,3.0,4.0,5.0,1.0,1.0,1.0,1.0,1.0,1.0,3.0,4.0,5.0,4.0,3.0,5.0,1.0,1.0,1.0,4.0,3.0,5.0,1.0,1.0,1.0,1.0,1.0,1.0,3.0,6.0,4.0,3.0,4.0,2.0,4.0,3.0,1.0,1.0,1.0,1.0,2.0,4.0,3.0,1.0,1.0,1.0,1.0
2026-11-14,0.0,0.0,0.0,0.0,0.0,0.0,0.0,0.0,0.0,0.0,0.0,0.0,0.0,0.0,0.0,0.0,0.0,0.0,0.0,0.0,0.0,0.0,0.0,0.0,0.0,0.0,0.0,0.0,0.0,0.0,0.0,0.0,0.0,0.0,0.0,0.0,0.0,0.0,0.0,0.0,0.0,0.0,0.0,0.0,0.0,0.0
2026-11-15,0.0,0.0,0.0,0.0,0.0,0.0,0.0,0.0,0.0,0.0,0.0,0.0,0.0,0.0,0.0,0.0,0.0,0.0,0.0,0.0,0.0,0.0,0.0,0.0,0.0,0.0,0.0,0.0,0.0,0.0,0.0,0.0,0.0,0.0,0.0,0.0,0.0,0.0,0.0,0.0,0.0,0.0,0.0,0.0,0.0,0.0
2026-11-16,1.0,1.0,1.0,2.0,3.0,4.0,2.0,4.0,3.0,1.0,1.0,1.0,1.0,1.0,1.0,6.0,4.0,3.0,1.0,1.0,1.0,6.0,4.0,3.0,3.0,5.0,4.0,1.0,1.0,1.0,1.0,1.0,1.0,1.0,1.0,5.0,3.0,3.0,4.0,1.0,1.0,1.0,3.0,4.0,5.0,4.0
2026-11-17,4.0,2.0,3.0,1.0,1.0,1.0,1.0,1.0,1.0,2.0,3.0,4.0,3.0,6.0,4.0,1.0,1.0,1.0,6.0,4.0,3.0,1.0,1.0,1.0,1.0,1.0,1.0,4.0,3.0,3.0,4.0,5.0,3.0,5.0,4.0,1.0,1.0,1.0,1.0,3.0,5.0,4.0,1.0,1.0,1.0,1.0
2026-11-18,2.0,3.0,4.0,3.0,4.0,2.0,3.0,2.0,4.0,4.0,2.0,3.0,6.0,4.0,3.0,3.0,6.0,4.0,3.0,6.0,4.0,3.0,6.0,4.0,5.0,4.0,3.0,5.0,4.0,5.0,5.0,3.0,4.0,3.0,5.0,4.0,4.0,5.0,3.0,4.0,3.0,5.0,5.0,3.0,4.0,5.0
2026-11-19,1.0,1.0,1.0,4.0,2.0,3.0,4.0,3.0,2.0,1.0,1.0,1.0,1.0,1.0,1.0,4.0,3.0,6.0,1.0,1.0,1.0,4.0,3.0,6.0,4.0,3.0,5.0,1.0,1.0,1.0,1.0,1.0,1.0,1.0,1.0,3.0,5.0,4.0,5.0,1.0,1.0,1.0,4.0,5.0,3.0,3.0
2026-11-20,3.0,4.0,2.0,1.0,1.0,1.0,1.0,1.0,1.0,3.0,4.0,2.0,4.0,3.0,6.0,1.0,1.0,1.0,4.0,3.0,6.0,1.0,1.0,1.0,1.0,1.0,1.0,3.0,5.0,4.0,3.0,4.0,5.0,4.0,3.0,1.0,1.0,1.0,1.0,5.0,4.0,3.0,1.0,1.0,1.0,1.0
2026-11-21,0.0,0.0,0.0,0.0,0.0,0.0,0.0,0.0,0.0,0.0,0.0,0.0,0.0,0.0,0.0,0.0,0.0,0.0,0.0,0.0,0.0,0.0,0.0,0.0,0.0,0.0,0.0,0.0,0.0,0.0,0.0,0.0,0.0,0.0,0.0,0.0,0.0,0.0,0.0,0.0,0.0,0.0,0.0,0.0,0.0,0.0
2026-11-22,0.0,0.0,0.0,0.0,0.0,0.0,0.0,0.0,0.0,0.0,0.0,0.0,0.0,0.0,0.0,0.0,0.0,0.0,0.0,0.0,0.0,0.0,0.0,0.0,0.0,0.0,0.0,0.0,0.0,0.0,0.0,0.0,0.0,0.0,0.0,0.0,0.0,0.0,0.0,0.0,0.0,0.0,0.0,0.0,0.0,0.0
2026-11-23,1.0,1.0,1.0,5.0,3.0,4.0,5.0,4.0,3.0,1.0,1.0,1.0,1.0,1.0,1.0,5.0,4.0,3.0,1.0,1.0,1.0,5.0,4.0,3.0,3.0,2.0,4.0,1.0,1.0,1.0,1.0,1.0,1.0,1.0,1.0,6.0,3.0,3.0,4.0,1.0,1.0,1.0,3.0,4.0,6.0,4.0
2026-11-24,4.0,5.0,3.0,1.0,1.0,1.0,1.0,1.0,1.0,5.0,3.0,4.0,3.0,5.0,4.0,1.0,1.0,1.0,5.0,4.0,3.0,1.0,1.0,1.0,1.0,1.0,1.0,4.0,3.0,3.0,4.0,2.0,3.0,6.0,4.0,1.0,1.0,1.0,1.0,3.0,6.0,4.0,1.0,1.0,1.0,1.0
2026-11-25,5.0,3.0,4.0,3.0,4.0,5.0,3.0,5.0,4.0,4.0,5.0,3.0,5.0,4.0,3.0,3.0,5.0,4.0,3.0,5.0,4.0,3.0,5.0,4.0,2.0,4.0,3.0,2.0,4.0,2.0,2.0,3.0,4.0,3.0,6.0,4.0,4.0,6.0,3.0,4.0,3.0,6.0,6.0,3.0,4.0,6.0
2026-11-26,1.0,1.0,1.0,4.0,5.0,3.0,4.0,3.0,5.0,1.0,1.0,1.0,1.0,1.0,1.0,4.0,3.0,5.0,1.0,1.0,1.0,4.0,3.0,5.0,4.0,3.0,2.0,1.0,1.0,1.0,1.0,1.0,1.0,1.0,1.0,3.0,6.0,4.0,6.0,1.0,1.0,1.0,4.0,6.0,3.0,3.0
2026-11-27,3.0,4.0,5.0,1.0,1.0,1.0,1.0,1.0,1.0,3.0,4.0,5.0,4.0,3.0,5.0,1.0,1.0,1.0,4.0,3.0,5.0,1.0,1.0,1.0,1.0,1.0,1.0,3.0,2.0,4.0,3.0,4.0,6.0,4.0,3.0,1.0,1.0,1.0,1.0,6.0,4.0,3.0,1.0,1.0,1.0,1.0
2026-11-28,0.0,0.0,0.0,0.0,0.0,0.0,0.0,0.0,0.0,0.0,0.0,0.0,0.0,0.0,0.0,0.0,0.0,0.0,0.0,0.0,0.0,0.0,0.0,0.0,0.0,0.0,0.0,0.0,0.0,0.0,0.0,0.0,0.0,0.0,0.0,0.0,0.0,0.0,0.0,0.0,0.0,0.0,0.0,0.0,0.0,0.0
2026-11-29,0.0,0.0,0.0,0.0,0.0,0.0,0.0,0.0,0.0,0.0,0.0,0.0,0.0,0.0,0.0,0.0,0.0,0.0,0.0,0.0,0.0,0.0,0.0,0.0,0.0,0.0,0.0,0.0,0.0,0.0,0.0,0.0,0.0,0.0,0.0,0.0,0.0,0.0,0.0,0.0,0.0,0.0,0.0,0.0,0.0,0.0
2026-11-30,1.0,1.0,1.0,6.0,3.0,4.0,6.0,4.0,3.0,1.0,1.0,1.0,1.0,1.0,1.0,2.0,4.0,3.0,1.0,1.0,1.0,2.0,4.0,3.0,3.0,5.0,4.0,1.0,1.0,1.0,1.0,1.0,1.0,1.0,1.0,5.0,3.0,3.0,4.0,1.0,1.0,1.0,3.0,4.0,5.0,4.0
2026-12-01,4.0,6.0,3.0,1.0,1.0,1.0,1.0,1.0,1.0,6.0,3.0,4.0,3.0,2.0,4.0,1.0,1.0,1.0,2.0,4.0,3.0,1.0,1.0,1.0,1.0,1.0,1.0,4.0,3.0,3.0,4.0,5.0,3.0,5.0,4.0,1.0,1.0,1.0,1.0,3.0,5.0,4.0,1.0,1.0,1.0,1.0
2026-12-02,6.0,3.0,4.0,3.0,4.0,6.0,3.0,6.0,4.0,4.0,6.0,3.0,2.0,4.0,3.0,3.0,2.0,4.0,3.0,2.0,4.0,3.0,2.0,4.0,5.0,4.0,3.0,5.0,4.0,5.0,5.0,3.0,4.0,3.0,5.0,4.0,4.0,5.0,3.0,4.0,3.0,5.0,5.0,3.0,4.0,5.0
2026-12-03,1.0,1.0,1.0,4.0,6.0,3.0,4.0,3.0,6.0,1.0,1.0,1.0,1.0,1.0,1.0,4.0,3.0,2.0,1.0,1.0,1.0,4.0,3.0,2.0,4.0,3.0,5.0,1.0,1.0,1.0,1.0,1.0,1.0,1.0,1.0,3.0,5.0,4.0,5.0,1.0,1.0,1.0,4.0,5.0,3.0,3.0
2026-12-04,3.0,4.0,6.0,1.0,1.0,1.0,1.0,1.0,1.0,3.0,4.0,6.0,4.0,3.0,2.0,1.0,1.0,1.0,4.0,3.0,2.0,1.0,1.0,1.0,1.0,1.0,1.0,3.0,5.0,4.0,3.0,4.0,5.0,4.0,3.0,1.0,1.0,1.0,1.0,5.0,4.0,3.0,1.0,1.0,1.0,1.0
2026-12-05,0.0,0.0,0.0,0.0,0.0,0.0,0.0,0.0,0.0,0.0,0.0,0.0,0.0,0.0,0.0,0.0,0.0,0.0,0.0,0.0,0.0,0.0,0.0,0.0,0.0,0.0,0.0,0.0,0.0,0.0,0.0,0.0,0.0,0.0,0.0,0.0,0.0,0.0,0.0,0.0,0.0,0.0,0.0,0.0,0.0,0.0
2026-12-06,0.0,0.0,0.0,0.0,0.0,0.0,0.0,0.0,0.0,0.0,0.0,0.0,0.0,0.0,0.0,0.0,0.0,0.0,0.0,0.0,0.0,0.0,0.0,0.0,0.0,0.0,0.0,0.0,0.0,0.0,0.0,0.0,0.0,0.0,0.0,0.0,0.0,0.0,0.0,0.0,0.0,0.0,0.0,0.0,0.0,0.0
2026-12-07,1.0,1.0,1.0,5.0,3.0,4.0,5.0,4.0,3.0,1.0,1.0,1.0,1.0,1.0,1.0,5.0,4.0,3.0,1.0,1.0,1.0,5.0,4.0,3.0,3.0,6.0,4.0,1.0,1.0,1.0,1.0,1.0,1.0,1.0,1.0,2.0,3.0,3.0,4.0,1.0,1.0,1.0,3.0,4.0,2.0,4.0
2026-12-08,4.0,5.0,3.0,1.0,1.0,1.0,1.0,1.0,1.0,5.0,3.0,4.0,3.0,5.0,4.0,1.0,1.0,1.0,5.0,4.0,3.0,1.0,1.0,1.0,1.0,1.0,1.0,4.0,3.0,3.0,4.0,6.0,3.0,2.0,4.0,1.0,1.0,1.0,1.0,3.0,2.0,4.0,1.0,1.0,1.0,1.0
2026-12-09,5.0,3.0,4.0,3.0,4.0,5.0,3.0,5.0,4.0,4.0,5.0,3.0,5.0,4.0,3.0,3.0,5.0,4.0,3.0,5.0,4.0,3.0,5.0,4.0,6.0,4.0,3.0,6.0,4.0,6.0,6.0,3.0,4.0,3.0,2.0,4.0,4.0,2.0,3.0,4.0,3.0,2.0,2.0,3.0,4.0,2.0
2026-12-10,1.0,1.0,1.0,4.0,5.0,3.0,4.0,3.0,5.0,1.0,1.0,1.0,1.0,1.0,1.0,4.0,3.0,5.0,1.0,1.0,1.0,4.0,3.0,5.0,4.0,3.0,6.0,1.0,1.0,1.0,1.0,1.0,1.0,1.0,1.0,3.0,2.0,4.0,2.0,1.0,1.0,1.0,4.0,2.0,3.0,3.0
2026-12-11,3.0,4.0,5.0,1.0,1.0,1.0,1.0,1.0,1.0,3.0,4.0,5.0,4.0,3.0,5.0,1.0,1.0,1.0,4.0,3.0,5.0,1.0,1.0,1.0,1.0,1.0,1.0,3.0,0.0,4.0,3.0,4.0,2.0,4.0,3.0,1.0,1.0,1.0,1.0,2.0,4.0,3.0,1.0,1.0,1.0,1.0
2026-12-12,0.0,0.0,0.0,0.0,0.0,0.0,0.0,0.0,0.0,0.0,0.0,0.0,0.0,0.0,0.0,0.0,0.0,0.0,0.0,0.0,0.0,0.0,0.0,0.0,0.0,0.0,0.0,0.0,0.0,0.0,0.0,0.0,0.0,0.0,0.0,0.0,0.0,0.0,0.0,0.0,0.0,0.0,0.0,0.0,0.0,0.0
2026-12-13,0.0,0.0,0.0,0.0,0.0,0.0,0.0,0.0,0.0,0.0,0.0,0.0,0.0,0.0,0.0,0.0,0.0,0.0,0.0,0.0,0.0,0.0,0.0,0.0,0.0,0.0,0.0,0.0,0.0,0.0,0.0,0.0,0.0,0.0,0.0,0.0,0.0,0.0,0.0,0.0,0.0,0.0,0.0,0.0,0.0,0.0
2026-12-14,1.0,1.0,1.0,2.0,3.0,4.0,2.0,4.0,3.0,1.0,1.0,1.0,1.0,1.0,1.0,0.0,4.0,3.0,1.0,1.0,1.0,0.0,4.0,3.0,3.0,5.0,4.0,1.0,1.0,1.0,1.0,1.0,1.0,1.0,1.0,5.0,3.0,3.0,4.0,1.0,1.0,1.0,3.0,4.0,5.0,4.0
2026-12-15,4.0,2.0,3.0,1.0,1.0,1.0,1.0,1.0,1.0,2.0,3.0,4.0,3.0,0.0,4.0,1.0,1.0,1.0,0.0,4.0,3.0,1.0,1.0,1.0,1.0,1.0,1.0,4.0,3.0,3.0,4.0,5.0,3.0,5.0,4.0,1.0,1.0,1.0,1.0,3.0,5.0,4.0,1.0,1.0,1.0,1.0
2026-12-16,2.0,3.0,4.0,3.0,4.0,2.0,3.0,2.0,4.0,4.0,2.0,3.0,0.0,4.0,3.0,3.0,0.0,4.0,3.0,0.0,4.0,3.0,0.0,4.0,5.0,4.0,3.0,5.0,4.0,5.0,5.0,3.0,4.0,3.0,5.0,4.0,4.0,5.0,3.0,4.0,3.0,5.0,5.0,3.0,4.0,5.0
2026-12-17,1.0,1.0,1.0,4.0,2.0,3.0,4.0,3.0,2.0,1.0,1.0,1.0,1.0,1.0,1.0,4.0,3.0,0.0,1.0,1.0,1.0,4.0,3.0,0.0,4.0,3.0,5.0,1.0,1.0,1.0,1.0,1.0,1.0,1.0,1.0,3.0,5.0,4.0,5.0,1.0,1.0,1.0,4.0,5.0,3.0,3.0
2026-12-18,3.0,4.0,2.0,1.0,1.0,1.0,1.0,1.0,1.0,3.0,4.0,2.0,4.0,3.0,0.0,1.0,1.0,1.0,4.0,3.0,0.0,1.0,1.0,1.0,1.0,1.0,1.0,3.0,5.0,4.0,3.0,4.0,5.0,4.0,3.0,1.0,1.0,1.0,1.0,5.0,4.0,3.0,1.0,1.0,1.0,1.0
2026-12-19,0.0,0.0,0.0,0.0,0.0,0.0,0.0,0.0,0.0,0.0,0.0,0.0,0.0,0.0,0.0,0.0,0.0,0.0,0.0,0.0,0.0,0.0,0.0,0.0,0.0,0.0,0.0,0.0,0.0,0.0,0.0,0.0,0.0,0.0,0.0,0.0,0.0,0.0,0.0,0.0,0.0,0.0,0.0,0.0,0.0,0.0
2026-12-20,0.0,0.0,0.0,0.0,0.0,0.0,0.0,0.0,0.0,0.0,0.0,0.0,0.0,0.0,0.0,0.0,0.0,0.0,0.0,0.0,0.0,0.0,0.0,0.0,0.0,0.0,0.0,0.0,0.0,0.0,0.0,0.0,0.0,0.0,0.0,0.0,0.0,0.0,0.0,0.0,0.0,0.0,0.0,0.0,0.0,0.0
2026-12-21,1.0,1.0,1.0,5.0,3.0,4.0,5.0,4.0,3.0,1.0,1.0,1.0,1.0,1.0,1.0,5.0,4.0,3.0,1.0,1.0,1.0,5.0,4.0,3.0,3.0,2.0,4.0,1.0,1.0,1.0,1.0,1.0,1.0,1.0,1.0,0.0,3.0,3.0,4.0,1.0,1.0,1.0,3.0,4.0,0.0,4.0
2026-12-22,4.0,5.0,3.0,1.0,1.0,1.0,1.0,1.0,1.0,5.0,3.0,4.0,3.0,5.0,4.0,1.0,1.0,1.0,5.0,4.0,3.0,1.0,1.0,1.0,1.0,1.0,1.0,4.0,3.0,3.0,4.0,2.0,3.0,0.0,4.0,1.0,1.0,1.0,1.0,3.0,0.0,4.0,1.0,1.0,1.0,1.0
2026-12-23,5.0,3.0,4.0,3.0,4.0,5.0,3.0,5.0,4.0,4.0,5.0,3.0,5.0,4.0,3.0,3.0,5.0,4.0,3.0,5.0,4.0,3.0,5.0,4.0,2.0,4.0,3.0,2.0,4.0,2.0,2.0,3.0,4.0,3.0,0.0,4.0,4.0,0.0,3.0,4.0,3.0,0.0,0.0,3.0,4.0,0.0
2026-12-24,1.0,1.0,1.0,4.0,5.0,3.0,4.0,3.0,5.0,1.0,1.0,1.0,1.0,1.0,1.0,4.0,3.0,5.0,1.0,1.0,1.0,4.0,3.0,5.0,4.0,3.0,2.0,1.0,1.0,1.0,1.0,1.0,1.0,1.0,1.0,3.0,0.0,4.0,0.0,1.0,1.0,1.0,4.0,0.0,3.0,3.0
2026-12-25,3.0,4.0,5.0,1.0,1.0,1.0,1.0,1.0,1.0,3.0,4.0,5.0,4.0,3.0,5.0,1.0,1.0,1.0,4.0,3.0,5.0,1.0,1.0,1.0,1.0,1.0,1.0,3.0,2.0,4.0,3.0,4.0,0.0,4.0,3.0,1.0,1.0,1.0,1.0,0.0,4.0,3.0,1.0,1.0,1.0,1.0
2026-12-26,0.0,0.0,0.0,0.0,0.0,0.0,0.0,0.0,0.0,0.0,0.0,0.0,0.0,0.0,0.0,0.0,0.0,0.0,0.0,0.0,0.0,0.0,0.0,0.0,0.0,0.0,0.0,0.0,0.0,0.0,0.0,0.0,0.0,0.0,0.0,0.0,0.0,0.0,0.0,0.0,0.0,0.0,0.0,0.0,0.0,0.0
2026-12-27,0.0,0.0,0.0,0.0,0.0,0.0,0.0,0.0,0.0,0.0,0.0,0.0,0.0,0.0,0.0,0.0,0.0,0.0,0.0,0.0,0.0,0.0,0.0,0.0,0.0,0.0,0.0,0.0,0.0,0.0,0.0,0.0,0.0,0.0,0.0,0.0,0.0,0.0,0.0,0.0,0.0,0.0,0.0,0.0,0.0,0.0
2026-12-28,1.0,1.0,1.0,0.0,3.0,4.0,0.0,4.0,3.0,1.0,1.0,1.0,1.0,1.0,1.0,2.0,4.0,3.0,1.0,1.0,1.0,2.0,4.0,3.0,3.0,5.0,4.0,1.0,1.0,1.0,1.0,1.0,1.0,1.0,1.0,5.0,3.0,3.0,4.0,1.0,1.0,1.0,3.0,4.0,5.0,4.0
2026-12-29,4.0,0.0,3.0,1.0,1.0,1.0,1.0,1.0,1.0,0.0,3.0,4.0,3.0,2.0,4.0,1.0,1.0,1.0,2.0,4.0,3.0,1.0,1.0,1.0,1.0,1.0,1.0,4.0,3.0,3.0,4.0,5.0,3.0,5.0,4.0,1.0,1.0,1.0,1.0,3.0,5.0,4.0,1.0,1.0,1.0,1.0
2026-12-30,0.0,0.0,0.0,0.0,0.0,0.0,0.0,0.0,0.0,0.0,0.0,0.0,0.0,0.0,0.0,0.0,0.0,0.0,0.0,0.0,0.0,0.0,0.0,0.0,0.0,0.0,0.0,0.0,0.0,0.0,0.0,0.0,0.0,0.0,0.0,0.0,0.0,0.0,0.0,0.0,0.0,0.0,0.0,0.0,0.0,0.0
2026-12-31,0.0,0.0,0.0,0.0,0.0,0.0,0.0,0.0,0.0,0.0,0.0,0.0,0.0,0.0,0.0,0.0,0.0,0.0,0.0,0.0,0.0,0.0,0.0,0.0,0.0,0.0,0.0,0.0,0.0,0.0,0.0,0.0,0.0,0.0,0.0,0.0,0.0,0.0,0.0,0.0,0.0,0.0,0.0,0.0,0.0,0.0
2027-01-01,0.0,0.0,0.0,0.0,0.0,0.0,0.0,0.0,0.0,0.0,0.0,0.0,0.0,0.0,0.0,0.0,0.0,0.0,0.0,0.0,0.0,0.0,0.0,0.0,0.0,0.0,0.0,0.0,0.0,0.0,0.0,0.0,0.0,0.0,0.0,0.0,0.0,0.0,0.0,0.0,0.0,0.0,0.0,0.0,0.0,0.0
2027-01-02,0.0,0.0,0.0,0.0,0.0,0.0,0.0,0.0,0.0,0.0,0.0,0.0,0.0,0.0,0.0,0.0,0.0,0.0,0.0,0.0,0.0,0.0,0.0,0.0,0.0,0.0,0.0,0.0,0.0,0.0,0.0,0.0,0.0,0.0,0.0,0.0,0.0,0.0,0.0,0.0,0.0,0.0,0.0,0.0,0.0,0.0
2027-01-03,0.0,0.0,0.0,0.0,0.0,0.0,0.0,0.0,0.0,0.0,0.0,0.0,0.0,0.0,0.0,0.0,0.0,0.0,0.0,0.0,0.0,0.0,0.0,0.0,0.0,0.0,0.0,0.0,0.0,0.0,0.0,0.0,0.0,0.0,0.0,0.0,0.0,0.0,0.0,0.0,0.0,0.0,0.0,0.0,0.0,0.0
2027-01-04,1.0,1.0,1.0,0.0,3.0,4.0,0.0,4.0,3.0,1.0,1.0,1.0,1.0,1.0,1.0,0.0,4.0,3.0,1.0,1.0,1.0,0.0,4.0,3.0,3.0,0.0,4.0,1.0,1.0,1.0,1.0,1.0,1.0,1.0,1.0,0.0,3.0,3.0,4.0,1.0,1.0,1.0,3.0,4.0,0.0,4.0
2027-01-05,4.0,0.0,3.0,1.0,1.0,1.0,1.0,1.0,1.0,0.0,3.0,4.0,3.0,0.0,4.0,1.0,1.0,1.0,0.0,4.0,3.0,1.0,1.0,1.0,1.0,1.0,1.0,4.0,3.0,3.0,4.0,0.0,3.0,0.0,4.0,1.0,1.0,1.0,1.0,3.0,0.0,4.0,1.0,1.0,1.0,1.0
2027-01-06,0.0,3.0,4.0,3.0,4.0,0.0,3.0,0.0,4.0,4.0,0.0,3.0,2.0,4.0,3.0,3.0,2.0,4.0,3.0,2.0,4.0,3.0,2.0,4.0,5.0,4.0,3.0,5.0,4.0,5.0,5.0,3.0,4.0,3.0,5.0,4.0,4.0,5.0,3.0,4.0,3.0,5.0,5.0,3.0,4.0,5.0
2027-01-07,1.0,1.0,1.0,4.0,0.0,3.0,4.0,3.0,0.0,1.0,1.0,1.0,1.0,1.0,1.0,4.0,3.0,2.0,1.0,1.0,1.0,4.0,3.0,2.0,4.0,3.0,5.0,1.0,1.0,1.0,1.0,1.0,1.0,1.0,1.0,3.0,5.0,4.0,5.0,1.0,1.0,1.0,4.0,5.0,3.0,3.0
2027-01-08,3.0,4.0,0.0,1.0,1.0,1.0,1.0,1.0,1.0,3.0,4.0,0.0,4.0,3.0,2.0,1.0,1.0,1.0,4.0,3.0,2.0,1.0,1.0,1.0,1.0,1.0,1.0,3.0,5.0,4.0,3.0,4.0,5.0,4.0,3.0,1.0,1.0,1.0,1.0,5.0,4.0,3.0,1.0,1.0,1.0,1.0
2027-01-09,0.0,0.0,0.0,0.0,0.0,0.0,0.0,0.0,0.0,0.0,0.0,0.0,0.0,0.0,0.0,0.0,0.0,0.0,0.0,0.0,0.0,0.0,0.0,0.0,0.0,0.0,0.0,0.0,0.0,0.0,0.0,0.0,0.0,0.0,0.0,0.0,0.0,0.0,0.0,0.0,0.0,0.0,0.0,0.0,0.0,0.0
2027-01-10,0.0,0.0,0.0,0.0,0.0,0.0,0.0,0.0,0.0,0.0,0.0,0.0,0.0,0.0,0.0,0.0,0.0,0.0,0.0,0.0,0.0,0.0,0.0,0.0,0.0,0.0,0.0,0.0,0.0,0.0,0.0,0.0,0.0,0.0,0.0,0.0,0.0,0.0,0.0,0.0,0.0,0.0,0.0,0.0,0.0,0.0
2027-01-11,1.0,1.0,1.0,5.0,3.0,4.0,5.0,4.0,3.0,1.0,1.0,1.0,1.0,1.0,1.0,5.0,4.0,3.0,1.0,1.0,1.0,5.0,4.0,3.0,3.0,0.0,4.0,1.0,1.0,1.0,1.0,1.0,1.0,1.0,1.0,2.0,3.0,3.0,4.0,1.0,1.0,1.0,3.0,4.0,2.0,4.0
2027-01-12,4.0,5.0,3.0,1.0,1.0,1.0,1.0,1.0,1.0,5.0,3.0,4.0,3.0,5.0,4.0,1.0,1.0,1.0,5.0,4.0,3.0,1.0,1.0,1.0,1.0,1.0,1.0,4.0,3.0,3.0,4.0,0.0,3.0,2.0,4.0,1.0,1.0,1.0,1.0,3.0,2.0,4.0,1.0,1.0,1.0,1.0
2027-01-13,5.0,3.0,4.0,3.0,4.0,5.0,3.0,5.0,4.0,4.0,5.0,3.0,5.0,4.0,3.0,3.0,5.0,4.0,3.0,5.0,4.0,3.0,5.0,4.0,0.0,4.0,3.0,0.0,4.0,0.0,0.0,3.0,4.0,3.0,2.0,4.0,4.0,2.0,3.0,4.0,3.0,2.0,2.0,3.0,4.0,2.0
2027-01-14,1.0,1.0,1.0,4.0,5.0,3.0,4.0,3.0,5.0,1.0,1.0,1.0,1.0,1.0,1.0,4.0,3.0,5.0,1.0,1.0,1.0,4.0,3.0,5.0,4.0,3.0,0.0,1.0,1.0,1.0,1.0,1.0,1.0,1.0,1.0,3.0,2.0,4.0,2.0,1.0,1.0,1.0,4.0,2.0,3.0,3.0
2027-01-15,3.0,4.0,5.0,1.0,1.0,1.0,1.0,1.0,1.0,3.0,4.0,5.0,4.0,3.0,5.0,1.0,1.0,1.0,4.0,3.0,5.0,1.0,1.0,1.0,1.0,1.0,1.0,3.0,0.0,4.0,3.0,4.0,2.0,4.0,3.0,1.0,1.0,1.0,1.0,2.0,4.0,3.0,1.0,1.0,1.0,1.0
2027-01-16,0.0,0.0,0.0,0.0,0.0,0.0,0.0,0.0,0.0,0.0,0.0,0.0,0.0,0.0,0.0,0.0,0.0,0.0,0.0,0.0,0.0,0.0,0.0,0.0,0.0,0.0,0.0,0.0,0.0,0.0,0.0,0.0,0.0,0.0,0.0,0.0,0.0,0.0,0.0,0.0,0.0,0.0,0.0,0.0,0.0,0.0
2027-01-17,0.0,0.0,0.0,0.0,0.0,0.0,0.0,0.0,0.0,0.0,0.0,0.0,0.0,0.0,0.0,0.0,0.0,0.0,0.0,0.0,0.0,0.0,0.0,0.0,0.0,0.0,0.0,0.0,0.0,0.0,0.0,0.0,0.0,0.0,0.0,0.0,0.0,0.0,0.0,0.0,0.0,0.0,0.0,0.0,0.0,0.0
2027-01-18,1.0,1.0,1.0,2.0,3.0,4.0,2.0,4.0,3.0,1.0,1.0,1.0,1.0,1.0,1.0,0.0,4.0,3.0,1.0,1.0,1.0,0.0,4.0,3.0,3.0,5.0,4.0,1.0,1.0,1.0,1.0,1.0,1.0,1.0,1.0,5.0,3.0,3.0,4.0,1.0,1.0,1.0,3.0,4.0,5.0,4.0
2027-01-19,4.0,2.0,3.0,1.0,1.0,1.0,1.0,1.0,1.0,2.0,3.0,4.0,3.0,0.0,4.0,1.0,1.0,1.0,0.0,4.0,3.0,1.0,1.0,1.0,1.0,1.0,1.0,4.0,3.0,3.0,4.0,5.0,3.0,5.0,4.0,1.0,1.0,1.0,1.0,3.0,5.0,4.0,1.0,1.0,1.0,1.0
2027-01-20,2.0,3.0,4.0,3.0,4.0,2.0,3.0,2.0,4.0,4.0,2.0,3.0,0.0,4.0,3.0,3.0,0.0,4.0,3.0,0.0,4.0,3.0,0.0,4.0,5.0,4.0,3.0,5.0,4.0,5.0,5.0,3.0,4.0,3.0,5.0,4.0,4.0,5.0,3.0,4.0,3.0,5.0,5.0,3.0,4.0,5.0
2027-01-21,1.0,1.0,1.0,4.0,2.0,3.0,4.0,3.0,2.0,1.0,1.0,1.0,1.0,1.0,1.0,4.0,3.0,0.0,1.0,1.0,1.0,4.0,3.0,0.0,4.0,3.0,5.0,1.0,1.0,1.0,1.0,1.0,1.0,1.0,1.0,3.0,5.0,4.0,5.0,1.0,1.0,1.0,4.0,5.0,3.0,3.0
2027-01-22,3.0,4.0,2.0,1.0,1.0,1.0,1.0,1.0,1.0,3.0,4.0,2.0,4.0,3.0,0.0,1.0,1.0,1.0,4.0,3.0,0.0,1.0,1.0,1.0,1.0,1.0,1.0,3.0,5.0,4.0,3.0,4.0,5.0,4.0,3.0,1.0,1.0,1.0,1.0,5.0,4.0,3.0,1.0,1.0,1.0,1.0
2027-01-23,0.0,0.0,0.0,0.0,0.0,0.0,0.0,0.0,0.0,0.0,0.0,0.0,0.0,0.0,0.0,0.0,0.0,0.0,0.0,0.0,0.0,0.0,0.0,0.0,0.0,0.0,0.0,0.0,0.0,0.0,0.0,0.0,0.0,0.0,0.0,0.0,0.0,0.0,0.0,0.0,0.0,0.0,0.0,0.0,0.0,0.0
2027-01-24,0.0,0.0,0.0,0.0,0.0,0.0,0.0,0.0,0.0,0.0,0.0,0.0,0.0,0.0,0.0,0.0,0.0,0.0,0.0,0.0,0.0,0.0,0.0,0.0,0.0,0.0,0.0,0.0,0.0,0.0,0.0,0.0,0.0,0.0,0.0,0.0,0.0,0.0,0.0,0.0,0.0,0.0,0.0,0.0,0.0,0.0
2027-01-25,1.0,1.0,1.0,5.0,3.0,4.0,5.0,4.0,3.0,1.0,1.0,1.0,1.0,1.0,1.0,5.0,4.0,3.0,1.0,1.0,1.0,5.0,4.0,3.0,3.0,2.0,4.0,1.0,1.0,1.0,1.0,1.0,1.0,1.0,1.0,0.0,3.0,3.0,4.0,1.0,1.0,1.0,3.0,4.0,0.0,4.0
2027-01-26,4.0,5.0,3.0,1.0,1.0,1.0,1.0,1.0,1.0,5.0,3.0,4.0,3.0,5.0,4.0,1.0,1.0,1.0,5.0,4.0,3.0,1.0,1.0,1.0,1.0,1.0,1.0,4.0,3.0,3.0,4.0,2.0,3.0,0.0,4.0,1.0,1.0,1.0,1.0,3.0,0.0,4.0,1.0,1.0,1.0,1.0
2027-01-27,5.0,3.0,4.0,3.0,4.0,5.0,3.0,5.0,4.0,4.0,5.0,3.0,5.0,4.0,3.0,3.0,5.0,4.0,3.0,5.0,4.0,3.0,5.0,4.0,2.0,4.0,3.0,2.0,4.0,2.0,2.0,3.0,4.0,3.0,0.0,4.0,4.0,0.0,3.0,4.0,3.0,0.0,0.0,3.0,4.0,0.0
2027-01-28,1.0,1.0,1.0,4.0,5.0,3.0,4.0,3.0,5.0,1.0,1.0,1.0,1.0,1.0,1.0,4.0,3.0,5.0,1.0,1.0,1.0,4.0,3.0,5.0,4.0,3.0,2.0,1.0,1.0,1.0,1.0,1.0,1.0,1.0,1.0,3.0,0.0,4.0,0.0,1.0,1.0,1.0,4.0,0.0,3.0,3.0
2027-01-29,3.0,4.0,5.0,1.0,1.0,1.0,1.0,1.0,1.0,3.0,4.0,5.0,4.0,3.0,5.0,1.0,1.0,1.0,4.0,3.0,5.0,1.0,1.0,1.0,1.0,1.0,1.0,3.0,2.0,4.0,3.0,4.0,0.0,4.0,3.0,1.0,1.0,1.0,1.0,0.0,4.0,3.0,1.0,1.0,1.0,1.0
2027-01-30,0.0,0.0,0.0,0.0,0.0,0.0,0.0,0.0,0.0,0.0,0.0,0.0,0.0,0.0,0.0,0.0,0.0,0.0,0.0,0.0,0.0,0.0,0.0,0.0,0.0,0.0,0.0,0.0,0.0,0.0,0.0,0.0,0.0,0.0,0.0,0.0,0.0,0.0,0.0,0.0,0.0,0.0,0.0,0.0,0.0,0.0
2027-01-31,0.0,0.0,0.0,0.0,0.0,0.0,0.0,0.0,0.0,0.0,0.0,0.0,0.0,0.0,0.0,0.0,0.0,0.0,0.0,0.0,0.0,0.0,0.0,0.0,0.0,0.0,0.0,0.0,0.0,0.0,0.0,0.0,0.0,0.0,0.0,0.0,0.0,0.0,0.0,0.0,0.0,0.0,0.0,0.0,0.0,0.0
2027-02-01,1.0,1.0,1.0,0.0,3.0,4.0,0.0,4.0,3.0,1.0,1.0,1.0,1.0,1.0,1.0,2.0,4.0,3.0,1.0,1.0,1.0,2.0,4.0,3.0,3.0,5.0,4.0,1.0,1.0,1.0,1.0,1.0,1.0,1.0,1.0,5.0,3.0,3.0,4.0,1.0,1.0,1.0,3.0,4.0,5.0,4.0
2027-02-02,4.0,0.0,3.0,1.0,1.0,1.0,1.0,1.0,1.0,0.0,3.0,4.0,3.0,2.0,4.0,1.0,1.0,1.0,2.0,4.0,3.0,1.0,1.0,1.0,1.0,1.0,1.0,4.0,3.0,3.0,4.0,5.0,3.0,5.0,4.0,1.0,1.0,1.0,1.0,3.0,5.0,4.0,1.0,1.0,1.0,1.0
2027-02-03,0.0,3.0,4.0,3.0,4.0,0.0,3.0,0.0,4.0,4.0,0.0,3.0,2.0,4.0,3.0,3.0,2.0,4.0,3.0,2.0,4.0,3.0,2.0,4.0,5.0,4.0,3.0,5.0,4.0,5.0,5.0,3.0,4.0,3.0,5.0,4.0,4.0,5.0,3.0,4.0,3.0,5.0,5.0,3.0,4.0,5.0
2027-02-04,1.0,1.0,1.0,4.0,0.0,3.0,4.0,3.0,0.0,1.0,1.0,1.0,1.0,1.0,1.0,4.0,3.0,2.0,1.0,1.0,1.0,4.0,3.0,2.0,4.0,3.0,5.0,1.0,1.0,1.0,1.0,1.0,1.0,1.0,1.0,3.0,5.0,4.0,5.0,1.0,1.0,1.0,4.0,5.0,3.0,3.0
2027-02-05,3.0,4.0,0.0,1.0,1.0,1.0,1.0,1.0,1.0,3.0,4.0,0.0,4.0,3.0,2.0,1.0,1.0,1.0,4.0,3.0,2.0,1.0,1.0,1.0,1.0,1.0,1.0,3.0,5.0,4.0,3.0,4.0,5.0,4.0,3.0,1.0,1.0,1.0,1.0,5.0,4.0,3.0,1.0,1.0,1.0,1.0
2027-02-06,0.0,0.0,0.0,0.0,0.0,0.0,0.0,0.0,0.0,0.0,0.0,0.0,0.0,0.0,0.0,0.0,0.0,0.0,0.0,0.0,0.0,0.0,0.0,0.0,0.0,0.0,0.0,0.0,0.0,0.0,0.0,0.0,0.0,0.0,0.0,0.0,0.0,0.0,0.0,0.0,0.0,0.0,0.0,0.0,0.0,0.0
2027-02-07,0.0,0.0,0.0,0.0,0.0,0.0,0.0,0.0,0.0,0.0,0.0,0.0,0.0,0.0,0.0,0.0,0.0,0.0,0.0,0.0,0.0,0.0,0.0,0.0,0.0,0.0,0.0,0.0,0.0,0.0,0.0,0.0,0.0,0.0,0.0,0.0,0.0,0.0,0.0,0.0,0.0,0.0,0.0,0.0,0.0,0.0
2027-02-08,1.0,1.0,1.0,5.0,3.0,4.0,5.0,4.0,3.0,1.0,1.0,1.0,1.0,1.0,1.0,5.0,4.0,3.0,1.0,1.0,1.0,5.0,4.0,3.0,3.0,0.0,4.0,1.0,1.0,1.0,1.0,1.0,1.0,1.0,1.0,2.0,3.0,3.0,4.0,1.0,1.0,1.0,3.0,4.0,2.0,4.0
2027-02-09,4.0,5.0,3.0,1.0,1.0,1.0,1.0,1.0,1.0,5.0,3.0,4.0,3.0,5.0,4.0,1.0,1.0,1.0,5.0,4.0,3.0,1.0,1.0,1.0,1.0,1.0,1.0,4.0,3.0,3.0,4.0,0.0,3.0,2.0,4.0,1.0,1.0,1.0,1.0,3.0,2.0,4.0,1.0,1.0,1.0,1.0
2027-02-10,5.0,3.0,4.0,3.0,4.0,5.0,3.0,5.0,4.0,4.0,5.0,3.0,5.0,4.0,3.0,3.0,5.0,4.0,3.0,5.0,4.0,3.0,5.0,4.0,0.0,4.0,3.0,0.0,4.0,0.0,0.0,3.0,4.0,3.0,2.0,4.0,4.0,2.0,3.0,4.0,3.0,2.0,2.0,3.0,4.0,2.0
2027-02-11,1.0,1.0,1.0,4.0,5.0,3.0,4.0,3.0,5.0,1.0,1.0,1.0,1.0,1.0,1.0,4.0,3.0,5.0,1.0,1.0,1.0,4.0,3.0,5.0,4.0,3.0,0.0,1.0,1.0,1.0,1.0,1.0,1.0,1.0,1.0,3.0,2.0,4.0,2.0,1.0,1.0,1.0,4.0,2.0,3.0,3.0
2027-02-12,3.0,4.0,5.0,1.0,1.0,1.0,1.0,1.0,1.0,3.0,4.0,5.0,4.0,3.0,5.0,1.0,1.0,1.0,4.0,3.0,5.0,1.0,1.0,1.0,1.0,1.0,1.0,3.0,0.0,4.0,3.0,4.0,2.0,4.0,3.0,1.0,1.0,1.0,1.0,2.0,4.0,3.0,1.0,1.0,1.0,1.0
2027-02-13,0.0,0.0,0.0,0.0,0.0,0.0,0.0,0.0,0.0,0.0,0.0,0.0,0.0,0.0,0.0,0.0,0.0,0.0,0.0,0.0,0.0,0.0,0.0,0.0,0.0,0.0,0.0,0.0,0.0,0.0,0.0,0.0,0.0,0.0,0.0,0.0,0.0,0.0,0.0,0.0,0.0,0.0,0.0,0.0,0.0,0.0
2027-02-14,0.0,0.0,0.0,0.0,0.0,0.0,0.0,0.0,0.0,0.0,0.0,0.0,0.0,0.0,0.0,0.0,0.0,0.0,0.0,0.0,0.0,0.0,0.0,0.0,0.0,0.0,0.0,0.0,0.0,0.0,0.0,0.0,0.0,0.0,0.0,0.0,0.0,0.0,0.0,0.0,0.0,0.0,0.0,0.0,0.0,0.0
2027-02-15,1.0,1.0,1.0,2.0,3.0,4.0,2.0,4.0,3.0,1.0,1.0,1.0,1.0,1.0,1.0,0.0,4.0,3.0,1.0,1.0,1.0,0.0,4.0,3.0,3.0,5.0,4.0,1.0,1.0,1.0,1.0,1.0,1.0,1.0,1.0,5.0,3.0,3.0,4.0,1.0,1.0,1.0,3.0,4.0,5.0,4.0
2027-02-16,4.0,2.0,3.0,1.0,1.0,1.0,1.0,1.0,1.0,2.0,3.0,4.0,3.0,0.0,4.0,1.0,1.0,1.0,0.0,4.0,3.0,1.0,1.0,1.0,1.0,1.0,1.0,4.0,3.0,3.0,4.0,5.0,3.0,5.0,4.0,1.0,1.0,1.0,1.0,3.0,5.0,4.0,1.0,1.0,1.0,1.0
2027-02-17,2.0,3.0,4.0,3.0,4.0,2.0,3.0,2.0,4.0,4.0,2.0,3.0,0.0,4.0,3.0,3.0,0.0,4.0,3.0,0.0,4.0,3.0,0.0,4.0,5.0,4.0,3.0,5.0,4.0,5.0,5.0,3.0,4.0,3.0,5.0,4.0,4.0,5.0,3.0,4.0,3.0,5.0,5.0,3.0,4.0,5.0
2027-02-18,1.0,1.0,1.0,4.0,2.0,3.0,4.0,3.0,2.0,1.0,1.0,1.0,1.0,1.0,1.0,4.0,3.0,0.0,1.0,1.0,1.0,4.0,3.0,0.0,4.0,3.0,5.0,1.0,1.0,1.0,1.0,1.0,1.0,1.0,1.0,3.0,5.0,4.0,5.0,1.0,1.0,1.0,4.0,5.0,3.0,3.0
2027-02-19,3.0,4.0,2.0,1.0,1.0,1.0,1.0,1.0,1.0,3.0,4.0,2.0,4.0,3.0,0.0,1.0,1.0,1.0,4.0,3.0,0.0,1.0,1.0,1.0,1.0,1.0,1.0,3.0,5.0,4.0,3.0,4.0,5.0,4.0,3.0,1.0,1.0,1.0,1.0,5.0,4.0,3.0,1.0,1.0,1.0,1.0
2027-02-20,0.0,0.0,0.0,0.0,0.0,0.0,0.0,0.0,0.0,0.0,0.0,0.0,0.0,0.0,0.0,0.0,0.0,0.0,0.0,0.0,0.0,0.0,0.0,0.0,0.0,0.0,0.0,0.0,0.0,0.0,0.0,0.0,0.0,0.0,0.0,0.0,0.0,0.0,0.0,0.0,0.0,0.0,0.0,0.0,0.0,0.0
2027-02-21,0.0,0.0,0.0,0.0,0.0,0.0,0.0,0.0,0.0,0.0,0.0,0.0,0.0,0.0,0.0,0.0,0.0,0.0,0.0,0.0,0.0,0.0,0.0,0.0,0.0,0.0,0.0,0.0,0.0,0.0,0.0,0.0,0.0,0.0,0.0,0.0,0.0,0.0,0.0,0.0,0.0,0.0,0.0,0.0,0.0,0.0
2027-02-22,1.0,1.0,1.0,5.0,3.0,4.0,5.0,4.0,3.0,1.0,1.0,1.0,1.0,1.0,1.0,5.0,4.0,3.0,1.0,1.0,1.0,5.0,4.0,3.0,3.0,2.0,4.0,1.0,1.0,1.0,1.0,1.0,1.0,1.0,1.0,0.0,3.0,3.0,4.0,1.0,1.0,1.0,3.0,4.0,0.0,4.0
2027-02-23,4.0,5.0,3.0,1.0,1.0,1.0,1.0,1.0,1.0,5.0,3.0,4.0,3.0,5.0,4.0,1.0,1.0,1.0,5.0,4.0,3.0,1.0,1.0,1.0,1.0,1.0,1.0,4.0,3.0,3.0,4.0,2.0,3.0,0.0,4.0,1.0,1.0,1.0,1.0,3.0,0.0,4.0,1.0,1.0,1.0,1.0
2027-02-24,5.0,3.0,4.0,3.0,4.0,5.0,3.0,5.0,4.0,4.0,5.0,3.0,5.0,4.0,3.0,3.0,5.0,4.0,3.0,5.0,4.0,3.0,5.0,4.0,2.0,4.0,3.0,2.0,4.0,2.0,2.0,3.0,4.0,3.0,0.0,4.0,4.0,0.0,3.0,4.0,3.0,0.0,0.0,3.0,4.0,0.0
2027-02-25,1.0,1.0,1.0,4.0,5.0,3.0,4.0,3.0,5.0,1.0,1.0,1.0,1.0,1.0,1.0,4.0,3.0,5.0,1.0,1.0,1.0,4.0,3.0,5.0,4.0,3.0,2.0,1.0,1.0,1.0,1.0,1.0,1.0,1.0,1.0,3.0,0.0,4.0,0.0,1.0,1.0,1.0,4.0,0.0,3.0,3.0
2027-02-26,3.0,4.0,5.0,1.0,1.0,1.0,1.0,1.0,1.0,3.0,4.0,5.0,4.0,3.0,5.0,1.0,1.0,1.0,4.0,3.0,5.0,1.0,1.0,1.0,1.0,1.0,1.0,3.0,2.0,4.0,3.0,4.0,0.0,4.0,3.0,1.0,1.0,1.0,1.0,0.0,4.0,3.0,1.0,1.0,1.0,1.0
2027-02-27,0.0,0.0,0.0,0.0,0.0,0.0,0.0,0.0,0.0,0.0,0.0,0.0,0.0,0.0,0.0,0.0,0.0,0.0,0.0,0.0,0.0,0.0,0.0,0.0,0.0,0.0,0.0,0.0,0.0,0.0,0.0,0.0,0.0,0.0,0.0,0.0,0.0,0.0,0.0,0.0,0.0,0.0,0.0,0.0,0.0,0.0
2027-02-28,0.0,0.0,0.0,0.0,0.0,0.0,0.0,0.0,0.0,0.0,0.0,0.0,0.0,0.0,0.0,0.0,0.0,0.0,0.0,0.0,0.0,0.0,0.0,0.0,0.0,0.0,0.0,0.0,0.0,0.0,0.0,0.0,0.0,0.0,0.0,0.0,0.0,0.0,0.0,0.0,0.0,0.0,0.0,0.0,0.0,0.0
2027-03-01,1.0,1.0,1.0,0.0,3.0,4.0,0.0,4.0,3.0,1.0,1.0,1.0,1.0,1.0,1.0,2.0,4.0,3.0,1.0,1.0,1.0,2.0,4.0,3.0,3.0,5.0,4.0,1.0,1.0,1.0,1.0,1.0,1.0,1.0,1.0,5.0,3.0,3.0,4.0,1.0,1.0,1.0,3.0,4.0,5.0,4.0
2027-03-02,4.0,0.0,3.0,1.0,1.0,1.0,1.0,1.0,1.0,0.0,3.0,4.0,3.0,2.0,4.0,1.0,1.0,1.0,2.0,4.0,3.0,1.0,1.0,1.0,1.0,1.0,1.0,4.0,3.0,3.0,4.0,5.0,3.0,5.0,4.0,1.0,1.0,1.0,1.0,3.0,5.0,4.0,1.0,1.0,1.0,1.0
2027-03-03,0.0,3.0,4.0,3.0,4.0,0.0,3.0,0.0,4.0,4.0,0.0,3.0,2.0,4.0,3.0,3.0,2.0,4.0,3.0,2.0,4.0,3.0,2.0,4.0,5.0,4.0,3.0,5.0,4.0,5.0,5.0,3.0,4.0,3.0,5.0,4.0,4.0,5.0,3.0,4.0,3.0,5.0,5.0,3.0,4.0,5.0
2027-03-04,1.0,1.0,1.0,4.0,0.0,3.0,4.0,3.0,0.0,1.0,1.0,1.0,1.0,1.0,1.0,4.0,3.0,2.0,1.0,1.0,1.0,4.0,3.0,2.0,4.0,3.0,5.0,1.0,1.0,1.0,1.0,1.0,1.0,1.0,1.0,3.0,5.0,4.0,5.0,1.0,1.0,1.0,4.0,5.0,3.0,3.0
2027-03-05,3.0,4.0,0.0,1.0,1.0,1.0,1.0,1.0,1.0,3.0,4.0,0.0,4.0,3.0,2.0,1.0,1.0,1.0,4.0,3.0,2.0,1.0,1.0,1.0,1.0,1.0,1.0,3.0,5.0,4.0,3.0,4.0,5.0,4.0,3.0,1.0,1.0,1.0,1.0,5.0,4.0,3.0,1.0,1.0,1.0,1.0
2027-03-06,0.0,0.0,0.0,0.0,0.0,0.0,0.0,0.0,0.0,0.0,0.0,0.0,0.0,0.0,0.0,0.0,0.0,0.0,0.0,0.0,0.0,0.0,0.0,0.0,0.0,0.0,0.0,0.0,0.0,0.0,0.0,0.0,0.0,0.0,0.0,0.0,0.0,0.0,0.0,0.0,0.0,0.0,0.0,0.0,0.0,0.0
2027-03-07,0.0,0.0,0.0,0.0,0.0,0.0,0.0,0.0,0.0,0.0,0.0,0.0,0.0,0.0,0.0,0.0,0.0,0.0,0.0,0.0,0.0,0.0,0.0,0.0,0.0,0.0,0.0,0.0,0.0,0.0,0.0,0.0,0.0,0.0,0.0,0.0,0.0,0.0,0.0,0.0,0.0,0.0,0.0,0.0,0.0,0.0
2027-03-08,1.0,1.0,1.0,5.0,3.0,4.0,5.0,4.0,3.0,1.0,1.0,1.0,1.0,1.0,1.0,5.0,4.0,3.0,1.0,1.0,1.0,5.0,4.0,3.0,3.0,0.0,4.0,1.0,1.0,1.0,1.0,1.0,1.0,1.0,1.0,2.0,3.0,3.0,4.0,1.0,1.0,1.0,3.0,4.0,2.0,4.0
2027-03-09,4.0,5.0,3.0,1.0,1.0,1.0,1.0,1.0,1.0,5.0,3.0,4.0,3.0,5.0,4.0,1.0,1.0,1.0,5.0,4.0,3.0,1.0,1.0,1.0,1.0,1.0,1.0,4.0,3.0,3.0,4.0,0.0,3.0,2.0,4.0,1.0,1.0,1.0,1.0,3.0,2.0,4.0,1.0,1.0,1.0,1.0
2027-03-10,5.0,3.0,4.0,3.0,4.0,5.0,3.0,5.0,4.0,4.0,5.0,3.0,5.0,4.0,3.0,3.0,5.0,4.0,3.0,5.0,4.0,3.0,5.0,4.0,0.0,4.0,3.0,0.0,4.0,0.0,0.0,3.0,4.0,3.0,2.0,4.0,4.0,2.0,3.0,4.0,3.0,2.0,2.0,3.0,4.0,2.0
2027-03-11,1.0,1.0,1.0,4.0,5.0,3.0,4.0,3.0,5.0,1.0,1.0,1.0,1.0,1.0,1.0,4.0,3.0,5.0,1.0,1.0,1.0,4.0,3.0,5.0,4.0,3.0,0.0,1.0,1.0,1.0,1.0,1.0,1.0,1.0,1.0,3.0,2.0,4.0,2.0,1.0,1.0,1.0,4.0,2.0,3.0,3.0
2027-03-12,3.0,4.0,5.0,1.0,1.0,1.0,1.0,1.0,1.0,3.0,4.0,5.0,4.0,3.0,5.0,1.0,1.0,1.0,4.0,3.0,5.0,1.0,1.0,1.0,1.0,1.0,1.0,3.0,0.0,4.0,3.0,4.0,2.0,4.0,3.0,1.0,1.0,1.0,1.0,2.0,4.0,3.0,1.0,1.0,1.0,1.0
2027-03-13,0.0,0.0,0.0,0.0,0.0,0.0,0.0,0.0,0.0,0.0,0.0,0.0,0.0,0.0,0.0,0.0,0.0,0.0,0.0,0.0,0.0,0.0,0.0,0.0,0.0,0.0,0.0,0.0,0.0,0.0,0.0,0.0,0.0,0.0,0.0,0.0,0.0,0.0,0.0,0.0,0.0,0.0,0.0,0.0,0.0,0.0
2027-03-14,0.0,0.0,0.0,0.0,0.0,0.0,0.0,0.0,0.0,0.0,0.0,0.0,0.0,0.0,0.0,0.0,0.0,0.0,0.0,0.0,0.0,0.0,0.0,0.0,0.0,0.0,0.0,0.0,0.0,0.0,0.0,0.0,0.0,0.0,0.0,0.0,0.0,0.0,0.0,0.0,0.0,0.0,0.0,0.0,0.0,0.0
2027-03-15,1.0,1.0,1.0,2.0,3.0,4.0,2.0,4.0,3.0,1.0,1.0,1.0,1.0,1.0,1.0,0.0,4.0,3.0,1.0,1.0,1.0,0.0,4.0,3.0,3.0,5.0,4.0,1.0,1.0,1.0,1.0,1.0,1.0,1.0,1.0,5.0,3.0,3.0,4.0,1.0,1.0,1.0,3.0,4.0,5.0,4.0
2027-03-16,4.0,2.0,3.0,1.0,1.0,1.0,1.0,1.0,1.0,2.0,3.0,4.0,3.0,0.0,4.0,1.0,1.0,1.0,0.0,4.0,3.0,1.0,1.0,1.0,1.0,1.0,1.0,4.0,3.0,3.0,4.0,5.0,3.0,5.0,4.0,1.0,1.0,1.0,1.0,3.0,5.0,4.0,1.0,1.0,1.0,1.0
2027-03-17,2.0,3.0,4.0,3.0,4.0,2.0,3.0,2.0,4.0,4.0,2.0,3.0,0.0,4.0,3.0,3.0,0.0,4.0,3.0,0.0,4.0,3.0,0.0,4.0,5.0,4.0,3.0,5.0,4.0,5.0,5.0,3.0,4.0,3.0,5.0,4.0,4.0,5.0,3.0,4.0,3.0,5.0,5.0,3.0,4.0,5.0
2027-03-18,1.0,1.0,1.0,4.0,2.0,3.0,4.0,3.0,2.0,1.0,1.0,1.0,1.0,1.0,1.0,4.0,3.0,0.0,1.0,1.0,1.0,4.0,3.0,0.0,4.0,3.0,5.0,1.0,1.0,1.0,1.0,1.0,1.0,1.0,1.0,3.0,5.0,4.0,5.0,1.0,1.0,1.0,4.0,5.0,3.0,3.0
2027-03-19,3.0,4.0,2.0,1.0,1.0,1.0,1.0,1.0,1.0,3.0,4.0,2.0,4.0,3.0,0.0,1.0,1.0,1.0,4.0,3.0,0.0,1.0,1.0,1.0,1.0,1.0,1.0,3.0,5.0,4.0,3.0,4.0,5.0,4.0,3.0,1.0,1.0,1.0,1.0,5.0,4.0,3.0,1.0,1.0,1.0,1.0
2027-03-20,0.0,0.0,0.0,0.0,0.0,0.0,0.0,0.0,0.0,0.0,0.0,0.0,0.0,0.0,0.0,0.0,0.0,0.0,0.0,0.0,0.0,0.0,0.0,0.0,0.0,0.0,0.0,0.0,0.0,0.0,0.0,0.0,0.0,0.0,0.0,0.0,0.0,0.0,0.0,0.0,0.0,0.0,0.0,0.0,0.0,0.0
2027-03-21,0.0,0.0,0.0,0.0,0.0,0.0,0.0,0.0,0.0,0.0,0.0,0.0,0.0,0.0,0.0,0.0,0.0,0.0,0.0,0.0,0.0,0.0,0.0,0.0,0.0,0.0,0.0,0.0,0.0,0.0,0.0,0.0,0.0,0.0,0.0,0.0,0.0,0.0,0.0,0.0,0.0,0.0,0.0,0.0,0.0,0.0
2027-03-22,1.0,1.0,1.0,5.0,3.0,4.0,5.0,4.0,3.0,1.0,1.0,1.0,1.0,1.0,1.0,5.0,4.0,3.0,1.0,1.0,1.0,5.0,4.0,3.0,3.0,2.0,4.0,1.0,1.0,1.0,1.0,1.0,1.0,1.0,1.0,0.0,3.0,3.0,4.0,1.0,1.0,1.0,3.0,4.0,0.0,4.0
2027-03-23,4.0,5.0,3.0,1.0,1.0,1.0,1.0,1.0,1.0,5.0,3.0,4.0,3.0,5.0,4.0,1.0,1.0,1.0,5.0,4.0,3.0,1.0,1.0,1.0,1.0,1.0,1.0,4.0,3.0,3.0,4.0,2.0,3.0,0.0,4.0,1.0,1.0,1.0,1.0,3.0,0.0,4.0,1.0,1.0,1.0,1.0
2027-03-24,5.0,3.0,4.0,3.0,4.0,5.0,3.0,5.0,4.0,4.0,5.0,3.0,5.0,4.0,3.0,3.0,5.0,4.0,3.0,5.0,4.0,3.0,5.0,4.0,2.0,4.0,3.0,2.0,4.0,2.0,2.0,3.0,4.0,3.0,0.0,4.0,4.0,0.0,3.0,4.0,3.0,0.0,0.0,3.0,4.0,0.0
2027-03-25,1.0,1.0,1.0,4.0,5.0,3.0,4.0,3.0,5.0,1.0,1.0,1.0,1.0,1.0,1.0,4.0,3.0,5.0,1.0,1.0,1.0,4.0,3.0,5.0,4.0,3.0,2.0,1.0,1.0,1.0,1.0,1.0,1.0,1.0,1.0,3.0,0.0,4.0,0.0,1.0,1.0,1.0,4.0,0.0,3.0,3.0
2027-03-26,3.0,4.0,5.0,1.0,1.0,1.0,1.0,1.0,1.0,3.0,4.0,5.0,4.0,3.0,5.0,1.0,1.0,1.0,4.0,3.0,5.0,1.0,1.0,1.0,1.0,1.0,1.0,3.0,2.0,4.0,3.0,4.0,0.0,4.0,3.0,1.0,1.0,1.0,1.0,0.0,4.0,3.0,1.0,1.0,1.0,1.0
2027-03-27,0.0,0.0,0.0,0.0,0.0,0.0,0.0,0.0,0.0,0.0,0.0,0.0,0.0,0.0,0.0,0.0,0.0,0.0,0.0,0.0,0.0,0.0,0.0,0.0,0.0,0.0,0.0,0.0,0.0,0.0,0.0,0.0,0.0,0.0,0.0,0.0,0.0,0.0,0.0,0.0,0.0,0.0,0.0,0.0,0.0,0.0
2027-03-28,0.0,0.0,0.0,0.0,0.0,0.0,0.0,0.0,0.0,0.0,0.0,0.0,0.0,0.0,0.0,0.0,0.0,0.0,0.0,0.0,0.0,0.0,0.0,0.0,0.0,0.0,0.0,0.0,0.0,0.0,0.0,0.0,0.0,0.0,0.0,0.0,0.0,0.0,0.0,0.0,0.0,0.0,0.0,0.0,0.0,0.0
2027-03-29,1.0,1.0,1.0,0.0,3.0,4.0,0.0,4.0,3.0,1.0,1.0,1.0,1.0,1.0,1.0,2.0,4.0,3.0,1.0,1.0,1.0,2.0,4.0,3.0,3.0,5.0,4.0,1.0,1.0,1.0,1.0,1.0,1.0,1.0,1.0,5.0,3.0,3.0,4.0,1.0,1.0,1.0,3.0,4.0,5.0,4.0
2027-03-30,4.0,0.0,3.0,1.0,1.0,1.0,1.0,1.0,1.0,0.0,3.0,4.0,3.0,2.0,4.0,1.0,1.0,1.0,2.0,4.0,3.0,1.0,1.0,1.0,1.0,1.0,1.0,4.0,3.0,3.0,4.0,5.0,3.0,5.0,4.0,1.0,1.0,1.0,1.0,3.0,5.0,4.0,1.0,1.0,1.0,1.0
2027-03-31,0.0,3.0,4.0,3.0,4.0,0.0,3.0,0.0,4.0,4.0,0.0,3.0,2.0,4.0,3.0,3.0,2.0,4.0,3.0,2.0,4.0,3.0,2.0,4.0,5.0,4.0,3.0,5.0,4.0,5.0,5.0,3.0,4.0,3.0,5.0,4.0,4.0,5.0,3.0,4.0,3.0,5.0,5.0,3.0,4.0,5.0
2027-04-01,1.0,1.0,1.0,4.0,0.0,3.0,4.0,3.0,0.0,1.0,1.0,1.0,1.0,1.0,1.0,4.0,3.0,2.0,1.0,1.0,1.0,4.0,3.0,2.0,4.0,3.0,5.0,1.0,1.0,1.0,1.0,1.0,1.0,1.0,1.0,3.0,5.0,4.0,5.0,1.0,1.0,1.0,4.0,5.0,3.0,3.0
2027-04-02,3.0,4.0,0.0,1.0,1.0,1.0,1.0,1.0,1.0,3.0,4.0,0.0,4.0,3.0,2.0,1.0,1.0,1.0,4.0,3.0,2.0,1.0,1.0,1.0,1.0,1.0,1.0,3.0,5.0,4.0,3.0,4.0,5.0,4.0,3.0,1.0,1.0,1.0,1.0,5.0,4.0,3.0,1.0,1.0,1.0,1.0
2027-04-03,0.0,0.0,0.0,0.0,0.0,0.0,0.0,0.0,0.0,0.0,0.0,0.0,0.0,0.0,0.0,0.0,0.0,0.0,0.0,0.0,0.0,0.0,0.0,0.0,0.0,0.0,0.0,0.0,0.0,0.0,0.0,0.0,0.0,0.0,0.0,0.0,0.0,0.0,0.0,0.0,0.0,0.0,0.0,0.0,0.0,0.0
2027-04-04,0.0,0.0,0.0,0.0,0.0,0.0,0.0,0.0,0.0,0.0,0.0,0.0,0.0,0.0,0.0,0.0,0.0,0.0,0.0,0.0,0.0,0.0,0.0,0.0,0.0,0.0,0.0,0.0,0.0,0.0,0.0,0.0,0.0,0.0,0.0,0.0,0.0,0.0,0.0,0.0,0.0,0.0,0.0,0.0,0.0,0.0
2027-04-05,1.0,1.0,1.0,5.0,3.0,4.0,5.0,4.0,3.0,1.0,1.0,1.0,1.0,1.0,1.0,5.0,4.0,3.0,1.0,1.0,1.0,5.0,4.0,3.0,3.0,0.0,4.0,1.0,1.0,1.0,1.0,1.0,1.0,1.0,1.0,2.0,3.0,3.0,4.0,1.0,1.0,1.0,3.0,4.0,2.0,4.0
2027-04-06,4.0,5.0,3.0,1.0,1.0,1.0,1.0,1.0,1.0,5.0,3.0,4.0,3.0,5.0,4.0,1.0,1.0,1.0,5.0,4.0,3.0,1.0,1.0,1.0,1.0,1.0,1.0,4.0,3.0,3.0,4.0,0.0,3.0,2.0,4.0,1.0,1.0,1.0,1.0,3.0,2.0,4.0,1.0,1.0,1.0,1.0
2027-04-07,5.0,3.0,4.0,3.0,4.0,5.0,3.0,5.0,4.0,4.0,5.0,3.0,5.0,4.0,3.0,3.0,5.0,4.0,3.0,5.0,4.0,3.0,5.0,4.0,0.0,4.0,3.0,0.0,4.0,0.0,0.0,3.0,4.0,3.0,2.0,4.0,4.0,2.0,3.0,4.0,3.0,2.0,2.0,3.0,4.0,2.0
2027-04-08,1.0,1.0,1.0,4.0,5.0,3.0,4.0,3.0,5.0,1.0,1.0,1.0,1.0,1.0,1.0,4.0,3.0,5.0,1.0,1.0,1.0,4.0,3.0,5.0,4.0,3.0,0.0,1.0,1.0,1.0,1.0,1.0,1.0,1.0,1.0,3.0,2.0,4.0,2.0,1.0,1.0,1.0,4.0,2.0,3.0,3.0
2027-04-09,3.0,4.0,5.0,1.0,1.0,1.0,1.0,1.0,1.0,3.0,4.0,5.0,4.0,3.0,5.0,1.0,1.0,1.0,4.0,3.0,5.0,1.0,1.0,1.0,1.0,1.0,1.0,3.0,0.0,4.0,3.0,4.0,2.0,4.0,3.0,1.0,1.0,1.0,1.0,2.0,4.0,3.0,1.0,1.0,1.0,1.0
2027-04-10,0.0,0.0,0.0,0.0,0.0,0.0,0.0,0.0,0.0,0.0,0.0,0.0,0.0,0.0,0.0,0.0,0.0,0.0,0.0,0.0,0.0,0.0,0.0,0.0,0.0,0.0,0.0,0.0,0.0,0.0,0.0,0.0,0.0,0.0,0.0,0.0,0.0,0.0,0.0,0.0,0.0,0.0,0.0,0.0,0.0,0.0
2027-04-11,0.0,0.0,0.0,0.0,0.0,0.0,0.0,0.0,0.0,0.0,0.0,0.0,0.0,0.0,0.0,0.0,0.0,0.0,0.0,0.0,0.0,0.0,0.0,0.0,0.0,0.0,0.0,0.0,0.0,0.0,0.0,0.0,0.0,0.0,0.0,0.0,0.0,0.0,0.0,0.0,0.0,0.0,0.0,0.0,0.0,0.0
2027-04-12,1.0,1.0,1.0,2.0,3.0,4.0,2.0,4.0,3.0,1.0,1.0,1.0,1.0,1.0,1.0,0.0,4.0,3.0,1.0,1.0,1.0,0.0,4.0,3.0,3.0,5.0,4.0,1.0,1.0,1.0,1.0,1.0,1.0,1.0,1.0,5.0,3.0,3.0,4.0,1.0,1.0,1.0,3.0,4.0,5.0,4.0
2027-04-13,4.0,2.0,3.0,1.0,1.0,1.0,1.0,1.0,1.0,2.0,3.0,4.0,3.0,0.0,4.0,1.0,1.0,1.0,0.0,4.0,3.0,1.0,1.0,1.0,1.0,1.0,1.0,4.0,3.0,3.0,4.0,5.0,3.0,5.0,4.0,1.0,1.0,1.0,1.0,3.0,5.0,4.0,1.0,1.0,1.0,1.0
2027-04-14,2.0,3.0,4.0,3.0,4.0,2.0,3.0,2.0,4.0,4.0,2.0,3.0,0.0,4.0,3.0,3.0,0.0,4.0,3.0,0.0,4.0,3.0,0.0,4.0,5.0,4.0,3.0,5.0,4.0,5.0,5.0,3.0,4.0,3.0,5.0,4.0,4.0,5.0,3.0,4.0,3.0,5.0,5.0,3.0,4.0,5.0
2027-04-15,1.0,1.0,1.0,4.0,2.0,3.0,4.0,3.0,2.0,1.0,1.0,1.0,1.0,1.0,1.0,4.0,3.0,0.0,1.0,1.0,1.0,4.0,3.0,0.0,4.0,3.0,5.0,1.0,1.0,1.0,1.0,1.0,1.0,1.0,1.0,3.0,5.0,4.0,5.0,1.0,1.0,1.0,4.0,5.0,3.0,3.0
2027-04-16,3.0,4.0,2.0,1.0,1.0,1.0,1.0,1.0,1.0,3.0,4.0,2.0,4.0,3.0,0.0,1.0,1.0,1.0,4.0,3.0,0.0,1.0,1.0,1.0,1.0,1.0,1.0,3.0,5.0,4.0,3.0,4.0,5.0,4.0,3.0,1.0,1.0,1.0,1.0,5.0,4.0,3.0,1.0,1.0,1.0,1.0
2027-04-17,0.0,0.0,0.0,0.0,0.0,0.0,0.0,0.0,0.0,0.0,0.0,0.0,0.0,0.0,0.0,0.0,0.0,0.0,0.0,0.0,0.0,0.0,0.0,0.0,0.0,0.0,0.0,0.0,0.0,0.0,0.0,0.0,0.0,0.0,0.0,0.0,0.0,0.0,0.0,0.0,0.0,0.0,0.0,0.0,0.0,0.0
2027-04-18,0.0,0.0,0.0,0.0,0.0,0.0,0.0,0.0,0.0,0.0,0.0,0.0,0.0,0.0,0.0,0.0,0.0,0.0,0.0,0.0,0.0,0.0,0.0,0.0,0.0,0.0,0.0,0.0,0.0,0.0,0.0,0.0,0.0,0.0,0.0,0.0,0.0,0.0,0.0,0.0,0.0,0.0,0.0,0.0,0.0,0.0
2027-04-19,1.0,1.0,1.0,5.0,3.0,4.0,5.0,4.0,3.0,1.0,1.0,1.0,1.0,1.0,1.0,5.0,4.0,3.0,1.0,1.0,1.0,5.0,4.0,3.0,3.0,2.0,4.0,1.0,1.0,1.0,1.0,1.0,1.0,1.0,1.0,0.0,3.0,3.0,4.0,1.0,1.0,1.0,3.0,4.0,0.0,4.0
2027-04-20,4.0,5.0,3.0,1.0,1.0,1.0,1.0,1.0,1.0,5.0,3.0,4.0,3.0,5.0,4.0,1.0,1.0,1.0,5.0,4.0,3.0,1.0,1.0,1.0,1.0,1.0,1.0,4.0,3.0,3.0,4.0,2.0,3.0,0.0,4.0,1.0,1.0,1.0,1.0,3.0,0.0,4.0,1.0,1.0,1.0,1.0
2027-04-21,5.0,3.0,4.0,3.0,4.0,5.0,3.0,5.0,4.0,4.0,5.0,3.0,5.0,4.0,3.0,3.0,5.0,4.0,3.0,5.0,4.0,3.0,5.0,4.0,2.0,4.0,3.0,2.0,4.0,2.0,2.0,3.0,4.0,3.0,0.0,4.0,4.0,0.0,3.0,4.0,3.0,0.0,0.0,3.0,4.0,0.0
2027-04-22,1.0,1.0,1.0,4.0,5.0,3.0,4.0,3.0,5.0,1.0,1.0,1.0,1.0,1.0,1.0,4.0,3.0,5.0,1.0,1.0,1.0,4.0,3.0,5.0,4.0,3.0,2.0,1.0,1.0,1.0,1.0,1.0,1.0,1.0,1.0,3.0,0.0,4.0,0.0,1.0,1.0,1.0,4.0,0.0,3.0,3.0
2027-04-23,3.0,4.0,5.0,1.0,1.0,1.0,1.0,1.0,1.0,3.0,4.0,5.0,4.0,3.0,5.0,1.0,1.0,1.0,4.0,3.0,5.0,1.0,1.0,1.0,1.0,1.0,1.0,3.0,2.0,4.0,3.0,4.0,0.0,4.0,3.0,1.0,1.0,1.0,1.0,0.0,4.0,3.0,1.0,1.0,1.0,1.0
2027-04-24,0.0,0.0,0.0,0.0,0.0,0.0,0.0,0.0,0.0,0.0,0.0,0.0,0.0,0.0,0.0,0.0,0.0,0.0,0.0,0.0,0.0,0.0,0.0,0.0,0.0,0.0,0.0,0.0,0.0,0.0,0.0,0.0,0.0,0.0,0.0,0.0,0.0,0.0,0.0,0.0,0.0,0.0,0.0,0.0,0.0,0.0
2027-04-25,0.0,0.0,0.0,0.0,0.0,0.0,0.0,0.0,0.0,0.0,0.0,0.0,0.0,0.0,0.0,0.0,0.0,0.0,0.0,0.0,0.0,0.0,0.0,0.0,0.0,0.0,0.0,0.0,0.0,0.0,0.0,0.0,0.0,0.0,0.0,0.0,0.0,0.0,0.0,0.0,0.0,0.0,0.0,0.0,0.0,0.0
2027-04-26,1.0,1.0,1.0,0.0,3.0,4.0,0.0,4.0,3.0,1.0,1.0,1.0,1.0,1.0,1.0,2.0,4.0,3.0,1.0,1.0,1.0,2.0,4.0,3.0,3.0,5.0,4.0,1.0,1.0,1.0,1.0,1.0,1.0,1.0,1.0,5.0,3.0,3.0,4.0,1.0,1.0,1.0,3.0,4.0,5.0,4.0
2027-04-27,4.0,0.0,3.0,1.0,1.0,1.0,1.0,1.0,1.0,0.0,3.0,4.0,3.0,2.0,4.0,1.0,1.0,1.0,2.0,4.0,3.0,1.0,1.0,1.0,1.0,1.0,1.0,4.0,3.0,3.0,4.0,5.0,3.0,5.0,4.0,1.0,1.0,1.0,1.0,3.0,5.0,4.0,1.0,1.0,1.0,1.0
2027-04-28,0.0,3.0,4.0,3.0,4.0,0.0,3.0,0.0,4.0,4.0,0.0,3.0,2.0,4.0,3.0,3.0,2.0,4.0,3.0,2.0,4.0,3.0,2.0,4.0,5.0,4.0,3.0,5.0,4.0,5.0,5.0,3.0,4.0,3.0,5.0,4.0,4.0,5.0,3.0,4.0,3.0,5.0,5.0,3.0,4.0,5.0
2027-04-29,1.0,1.0,1.0,4.0,0.0,3.0,4.0,3.0,0.0,1.0,1.0,1.0,1.0,1.0,1.0,4.0,3.0,2.0,1.0,1.0,1.0,4.0,3.0,2.0,4.0,3.0,5.0,1.0,1.0,1.0,1.0,1.0,1.0,1.0,1.0,3.0,5.0,4.0,5.0,1.0,1.0,1.0,4.0,5.0,3.0,3.0
2027-04-30,3.0,4.0,0.0,1.0,1.0,1.0,1.0,1.0,1.0,3.0,4.0,0.0,4.0,3.0,2.0,1.0,1.0,1.0,4.0,3.0,2.0,1.0,1.0,1.0,1.0,1.0,1.0,3.0,5.0,4.0,3.0,4.0,5.0,4.0,3.0,1.0,1.0,1.0,1.0,5.0,4.0,3.0,1.0,1.0,1.0,1.0
2027-05-01,0.0,0.0,0.0,0.0,0.0,0.0,0.0,0.0,0.0,0.0,0.0,0.0,0.0,0.0,0.0,0.0,0.0,0.0,0.0,0.0,0.0,0.0,0.0,0.0,0.0,0.0,0.0,0.0,0.0,0.0,0.0,0.0,0.0,0.0,0.0,0.0,0.0,0.0,0.0,0.0,0.0,0.0,0.0,0.0,0.0,0.0
2027-05-02,0.0,0.0,0.0,0.0,0.0,0.0,0.0,0.0,0.0,0.0,0.0,0.0,0.0,0.0,0.0,0.0,0.0,0.0,0.0,0.0,0.0,0.0,0.0,0.0,0.0,0.0,0.0,0.0,0.0,0.0,0.0,0.0,0.0,0.0,0.0,0.0,0.0,0.0,0.0,0.0,0.0,0.0,0.0,0.0,0.0,0.0
2027-05-03,1.0,1.0,1.0,5.0,3.0,4.0,5.0,4.0,3.0,1.0,1.0,1.0,1.0,1.0,1.0,5.0,4.0,3.0,1.0,1.0,1.0,5.0,4.0,3.0,3.0,6.0,4.0,1.0,1.0,1.0,1.0,1.0,1.0,1.0,1.0,2.0,3.0,3.0,4.0,1.0,1.0,1.0,3.0,4.0,2.0,4.0
2027-05-04,4.0,5.0,3.0,1.0,1.0,1.0,1.0,1.0,1.0,5.0,3.0,4.0,3.0,5.0,4.0,1.0,1.0,1.0,5.0,4.0,3.0,1.0,1.0,1.0,1.0,1.0,1.0,4.0,3.0,3.0,4.0,6.0,3.0,2.0,4.0,1.0,1.0,1.0,1.0,3.0,2.0,4.0,1.0,1.0,1.0,1.0
2027-05-05,5.0,3.0,4.0,3.0,4.0,5.0,3.0,5.0,4.0,4.0,5.0,3.0,5.0,4.0,3.0,3.0,5.0,4.0,3.0,5.0,4.0,3.0,5.0,4.0,6.0,4.0,3.0,6.0,4.0,6.0,6.0,3.0,4.0,3.0,2.0,4.0,4.0,2.0,3.0,4.0,3.0,2.0,2.0,3.0,4.0,2.0
2027-05-06,1.0,1.0,1.0,4.0,5.0,3.0,4.0,3.0,5.0,1.0,1.0,1.0,1.0,1.0,1.0,4.0,3.0,5.0,1.0,1.0,1.0,4.0,3.0,5.0,4.0,3.0,6.0,1.0,1.0,1.0,1.0,1.0,1.0,1.0,1.0,3.0,2.0,4.0,2.0,1.0,1.0,1.0,4.0,2.0,3.0,3.0
2027-05-07,3.0,4.0,5.0,1.0,1.0,1.0,1.0,1.0,1.0,3.0,4.0,5.0,4.0,3.0,5.0,1.0,1.0,1.0,4.0,3.0,5.0,1.0,1.0,1.0,1.0,1.0,1.0,3.0,6.0,4.0,3.0,4.0,2.0,4.0,3.0,1.0,1.0,1.0,1.0,2.0,4.0,3.0,1.0,1.0,1.0,1.0
2027-05-08,0.0,0.0,0.0,0.0,0.0,0.0,0.0,0.0,0.0,0.0,0.0,0.0,0.0,0.0,0.0,0.0,0.0,0.0,0.0,0.0,0.0,0.0,0.0,0.0,0.0,0.0,0.0,0.0,0.0,0.0,0.0,0.0,0.0,0.0,0.0,0.0,0.0,0.0,0.0,0.0,0.0,0.0,0.0,0.0,0.0,0.0
2027-05-09,0.0,0.0,0.0,0.0,0.0,0.0,0.0,0.0,0.0,0.0,0.0,0.0,0.0,0.0,0.0,0.0,0.0,0.0,0.0,0.0,0.0,0.0,0.0,0.0,0.0,0.0,0.0,0.0,0.0,0.0,0.0,0.0,0.0,0.0,0.0,0.0,0.0,0.0,0.0,0.0,0.0,0.0,0.0,0.0,0.0,0.0
2027-05-10,1.0,1.0,1.0,2.0,3.0,4.0,2.0,4.0,3.0,1.0,1.0,1.0,1.0,1.0,1.0,6.0,4.0,3.0,1.0,1.0,1.0,6.0,4.0,3.0,3.0,5.0,4.0,1.0,1.0,1.0,1.0,1.0,1.0,1.0,1.0,5.0,3.0,3.0,4.0,1.0,1.0,1.0,3.0,4.0,5.0,4.0
2027-05-11,4.0,2.0,3.0,1.0,1.0,1.0,1.0,1.0,1.0,2.0,3.0,4.0,3.0,6.0,4.0,1.0,1.0,1.0,6.0,4.0,3.0,1.0,1.0,1.0,1.0,1.0,1.0,4.0,3.0,3.0,4.0,5.0,3.0,5.0,4.0,1.0,1.0,1.0,1.0,3.0,5.0,4.0,1.0,1.0,1.0,1.0
2027-05-12,2.0,3.0,4.0,3.0,4.0,2.0,3.0,2.0,4.0,4.0,2.0,3.0,6.0,4.0,3.0,3.0,6.0,4.0,3.0,6.0,4.0,3.0,6.0,4.0,5.0,4.0,3.0,5.0,4.0,5.0,5.0,3.0,4.0,3.0,5.0,4.0,4.0,5.0,3.0,4.0,3.0,5.0,5.0,3.0,4.0,5.0
2027-05-13,1.0,1.0,1.0,4.0,2.0,3.0,4.0,3.0,2.0,1.0,1.0,1.0,1.0,1.0,1.0,4.0,3.0,6.0,1.0,1.0,1.0,4.0,3.0,6.0,4.0,3.0,5.0,1.0,1.0,1.0,1.0,1.0,1.0,1.0,1.0,3.0,5.0,4.0,5.0,1.0,1.0,1.0,4.0,5.0,3.0,3.0
2027-05-14,3.0,4.0,2.0,1.0,1.0,1.0,1.0,1.0,1.0,3.0,4.0,2.0,4.0,3.0,6.0,1.0,1.0,1.0,4.0,3.0,6.0,1.0,1.0,1.0,1.0,1.0,1.0,3.0,5.0,4.0,3.0,4.0,5.0,4.0,3.0,1.0,1.0,1.0,1.0,5.0,4.0,3.0,1.0,1.0,1.0,1.0
2027-05-15,0.0,0.0,0.0,0.0,0.0,0.0,0.0,0.0,0.0,0.0,0.0,0.0,0.0,0.0,0.0,0.0,0.0,0.0,0.0,0.0,0.0,0.0,0.0,0.0,0.0,0.0,0.0,0.0,0.0,0.0,0.0,0.0,0.0,0.0,0.0,0.0,0.0,0.0,0.0,0.0,0.0,0.0,0.0,0.0,0.0,0.0
2027-05-16,0.0,0.0,0.0,0.0,0.0,0.0,0.0,0.0,0.0,0.0,0.0,0.0,0.0,0.0,0.0,0.0,0.0,0.0,0.0,0.0,0.0,0.0,0.0,0.0,0.0,0.0,0.0,0.0,0.0,0.0,0.0,0.0,0.0,0.0,0.0,0.0,0.0,0.0,0.0,0.0,0.0,0.0,0.0,0.0,0.0,0.0
2027-05-17,1.0,1.0,1.0,5.0,3.0,4.0,5.0,4.0,3.0,1.0,1.0,1.0,1.0,1.0,1.0,5.0,4.0,3.0,1.0,1.0,1.0,5.0,4.0,3.0,3.0,2.0,4.0,1.0,1.0,1.0,1.0,1.0,1.0,1.0,1.0,6.0,3.0,3.0,4.0,1.0,1.0,1.0,3.0,4.0,6.0,4.0
2027-05-18,4.0,5.0,3.0,1.0,1.0,1.0,1.0,1.0,1.0,5.0,3.0,4.0,3.0,5.0,4.0,1.0,1.0,1.0,5.0,4.0,3.0,1.0,1.0,1.0,1.0,1.0,1.0,4.0,3.0,3.0,4.0,2.0,3.0,6.0,4.0,1.0,1.0,1.0,1.0,3.0,6.0,4.0,1.0,1.0,1.0,1.0
2027-05-19,5.0,3.0,4.0,3.0,4.0,5.0,3.0,5.0,4.0,4.0,5.0,3.0,5.0,4.0,3.0,3.0,5.0,4.0,3.0,5.0,4.0,3.0,5.0,4.0,2.0,4.0,3.0,2.0,4.0,2.0,2.0,3.0,4.0,3.0,6.0,4.0,4.0,6.0,3.0,4.0,3.0,6.0,6.0,3.0,4.0,6.0
2027-05-20,1.0,1.0,1.0,4.0,5.0,3.0,4.0,3.0,5.0,1.0,1.0,1.0,1.0,1.0,1.0,4.0,3.0,5.0,1.0,1.0,1.0,4.0,3.0,5.0,4.0,3.0,2.0,1.0,1.0,1.0,1.0,1.0,1.0,1.0,1.0,3.0,6.0,4.0,6.0,1.0,1.0,1.0,4.0,6.0,3.0,3.0
2027-05-21,3.0,4.0,5.0,1.0,1.0,1.0,1.0,1.0,1.0,3.0,4.0,5.0,4.0,3.0,5.0,1.0,1.0,1.0,4.0,3.0,5.0,1.0,1.0,1.0,1.0,1.0,1.0,3.0,2.0,4.0,3.0,4.0,6.0,4.0,3.0,1.0,1.0,1.0,1.0,6.0,4.0,3.0,1.0,1.0,1.0,1.0
2027-05-22,0.0,0.0,0.0,0.0,0.0,0.0,0.0,0.0,0.0,0.0,0.0,0.0,0.0,0.0,0.0,0.0,0.0,0.0,0.0,0.0,0.0,0.0,0.0,0.0,0.0,0.0,0.0,0.0,0.0,0.0,0.0,0.0,0.0,0.0,0.0,0.0,0.0,0.0,0.0,0.0,0.0,0.0,0.0,0.0,0.0,0.0
2027-05-23,0.0,0.0,0.0,0.0,0.0,0.0,0.0,0.0,0.0,0.0,0.0,0.0,0.0,0.0,0.0,0.0,0.0,0.0,0.0,0.0,0.0,0.0,0.0,0.0,0.0,0.0,0.0,0.0,0.0,0.0,0.0,0.0,0.0,0.0,0.0,0.0,0.0,0.0,0.0,0.0,0.0,0.0,0.0,0.0,0.0,0.0
2027-05-24,1.0,1.0,1.0,6.0,3.0,4.0,6.0,4.0,3.0,1.0,1.0,1.0,1.0,1.0,1.0,2.0,4.0,3.0,1.0,1.0,1.0,2.0,4.0,3.0,3.0,5.0,4.0,1.0,1.0,1.0,1.0,1.0,1.0,1.0,1.0,5.0,3.0,3.0,4.0,1.0,1.0,1.0,3.0,4.0,5.0,4.0
2027-05-25,4.0,6.0,3.0,1.0,1.0,1.0,1.0,1.0,1.0,6.0,3.0,4.0,3.0,2.0,4.0,1.0,1.0,1.0,2.0,4.0,3.0,1.0,1.0,1.0,1.0,1.0,1.0,4.0,3.0,3.0,4.0,5.0,3.0,5.0,4.0,1.0,1.0,1.0,1.0,3.0,5.0,4.0,1.0,1.0,1.0,1.0
2027-05-26,6.0,3.0,4.0,3.0,4.0,6.0,3.0,6.0,4.0,4.0,6.0,3.0,2.0,4.0,3.0,3.0,2.0,4.0,3.0,2.0,4.0,3.0,2.0,4.0,5.0,4.0,3.0,5.0,4.0,5.0,5.0,3.0,4.0,3.0,5.0,4.0,4.0,5.0,3.0,4.0,3.0,5.0,5.0,3.0,4.0,5.0
2027-05-27,1.0,1.0,1.0,4.0,6.0,3.0,4.0,3.0,6.0,1.0,1.0,1.0,1.0,1.0,1.0,4.0,3.0,2.0,1.0,1.0,1.0,4.0,3.0,2.0,4.0,3.0,5.0,1.0,1.0,1.0,1.0,1.0,1.0,1.0,1.0,3.0,5.0,4.0,5.0,1.0,1.0,1.0,4.0,5.0,3.0,3.0
2027-05-28,3.0,4.0,6.0,1.0,1.0,1.0,1.0,1.0,1.0,3.0,4.0,6.0,4.0,3.0,2.0,1.0,1.0,1.0,4.0,3.0,2.0,1.0,1.0,1.0,1.0,1.0,1.0,3.0,5.0,4.0,3.0,4.0,5.0,4.0,3.0,1.0,1.0,1.0,1.0,5.0,4.0,3.0,1.0,1.0,1.0,1.0
2027-05-29,0.0,0.0,0.0,0.0,0.0,0.0,0.0,0.0,0.0,0.0,0.0,0.0,0.0,0.0,0.0,0.0,0.0,0.0,0.0,0.0,0.0,0.0,0.0,0.0,0.0,0.0,0.0,0.0,0.0,0.0,0.0,0.0,0.0,0.0,0.0,0.0,0.0,0.0,0.0,0.0,0.0,0.0,0.0,0.0,0.0,0.0
2027-05-30,0.0,0.0,0.0,0.0,0.0,0.0,0.0,0.0,0.0,0.0,0.0,0.0,0.0,0.0,0.0,0.0,0.0,0.0,0.0,0.0,0.0,0.0,0.0,0.0,0.0,0.0,0.0,0.0,0.0,0.0,0.0,0.0,0.0,0.0,0.0,0.0,0.0,0.0,0.0,0.0,0.0,0.0,0.0,0.0,0.0,0.0
2027-05-31,1.0,1.0,1.0,5.0,3.0,4.0,5.0,4.0,3.0,1.0,1.0,1.0,1.0,1.0,1.0,5.0,4.0,3.0,1.0,1.0,1.0,5.0,4.0,3.0,3.0,6.0,4.0,1.0,1.0,1.0,1.0,1.0,1.0,1.0,1.0,2.0,3.0,3.0,4.0,1.0,1.0,1.0,3.0,4.0,2.0,4.0
2027-06-01,4.0,5.0,3.0,1.0,1.0,1.0,1.0,1.0,1.0,5.0,3.0,4.0,3.0,5.0,4.0,1.0,1.0,1.0,5.0,4.0,3.0,1.0,1.0,1.0,1.0,1.0,1.0,4.0,3.0,3.0,4.0,6.0,3.0,2.0,4.0,1.0,1.0,1.0,1.0,3.0,2.0,4.0,1.0,1.0,1.0,1.0
2027-06-02,5.0,3.0,4.0,3.0,4.0,5.0,3.0,5.0,4.0,4.0,5.0,3.0,5.0,4.0,3.0,3.0,5.0,4.0,3.0,5.0,4.0,3.0,5.0,4.0,6.0,4.0,3.0,6.0,4.0,6.0,6.0,3.0,4.0,3.0,2.0,4.0,4.0,2.0,3.0,4.0,3.0,2.0,2.0,3.0,4.0,2.0
2027-06-03,1.0,1.0,1.0,4.0,5.0,3.0,4.0,3.0,5.0,1.0,1.0,1.0,1.0,1.0,1.0,4.0,3.0,5.0,1.0,1.0,1.0,4.0,3.0,5.0,4.0,3.0,6.0,1.0,1.0,1.0,1.0,1.0,1.0,1.0,1.0,3.0,2.0,4.0,2.0,1.0,1.0,1.0,4.0,2.0,3.0,3.0
2027-06-04,3.0,4.0,5.0,1.0,1.0,1.0,1.0,1.0,1.0,3.0,4.0,5.0,4.0,3.0,5.0,1.0,1.0,1.0,4.0,3.0,5.0,1.0,1.0,1.0,1.0,1.0,1.0,3.0,6.0,4.0,3.0,4.0,2.0,4.0,3.0,1.0,1.0,1.0,1.0,2.0,4.0,3.0,1.0,1.0,1.0,1.0
2027-06-05,0.0,0.0,0.0,0.0,0.0,0.0,0.0,0.0,0.0,0.0,0.0,0.0,0.0,0.0,0.0,0.0,0.0,0.0,0.0,0.0,0.0,0.0,0.0,0.0,0.0,0.0,0.0,0.0,0.0,0.0,0.0,0.0,0.0,0.0,0.0,0.0,0.0,0.0,0.0,0.0,0.0,0.0,0.0,0.0,0.0,0.0
2027-06-06,0.0,0.0,0.0,0.0,0.0,0.0,0.0,0.0,0.0,0.0,0.0,0.0,0.0,0.0,0.0,0.0,0.0,0.0,0.0,0.0,0.0,0.0,0.0,0.0,0.0,0.0,0.0,0.0,0.0,0.0,0.0,0.0,0.0,0.0,0.0,0.0,0.0,0.0,0.0,0.0,0.0,0.0,0.0,0.0,0.0,0.0
2027-06-07,1.0,1.0,1.0,2.0,3.0,4.0,2.0,4.0,3.0,1.0,1.0,1.0,1.0,1.0,1.0,6.0,4.0,3.0,1.0,1.0,1.0,6.0,4.0,3.0,3.0,5.0,4.0,1.0,1.0,1.0,1.0,1.0,1.0,1.0,1.0,5.0,3.0,3.0,4.0,1.0,1.0,1.0,3.0,4.0,5.0,4.0
2027-06-08,4.0,2.0,3.0,1.0,1.0,1.0,1.0,1.0,1.0,2.0,3.0,4.0,3.0,6.0,4.0,1.0,1.0,1.0,6.0,4.0,3.0,1.0,1.0,1.0,1.0,1.0,1.0,4.0,3.0,3.0,4.0,5.0,3.0,5.0,4.0,1.0,1.0,1.0,1.0,3.0,5.0,4.0,1.0,1.0,1.0,1.0
2027-06-09,2.0,3.0,4.0,3.0,4.0,2.0,3.0,2.0,4.0,4.0,2.0,3.0,6.0,4.0,3.0,3.0,6.0,4.0,3.0,6.0,4.0,3.0,6.0,4.0,5.0,4.0,3.0,5.0,4.0,5.0,5.0,3.0,4.0,3.0,5.0,4.0,4.0,5.0,3.0,4.0,3.0,5.0,5.0,3.0,4.0,5.0
2027-06-10,1.0,1.0,1.0,4.0,2.0,3.0,4.0,3.0,2.0,1.0,1.0,1.0,1.0,1.0,1.0,4.0,3.0,6.0,1.0,1.0,1.0,4.0,3.0,6.0,4.0,3.0,5.0,1.0,1.0,1.0,1.0,1.0,1.0,1.0,1.0,3.0,5.0,4.0,5.0,1.0,1.0,1.0,4.0,5.0,3.0,3.0
2027-06-11,3.0,4.0,2.0,1.0,1.0,1.0,1.0,1.0,1.0,3.0,4.0,2.0,4.0,3.0,6.0,1.0,1.0,1.0,4.0,3.0,6.0,1.0,1.0,1.0,1.0,1.0,1.0,3.0,5.0,4.0,3.0,4.0,5.0,4.0,3.0,1.0,1.0,1.0,1.0,5.0,4.0,3.0,1.0,1.0,1.0,1.0
2027-06-12,0.0,0.0,0.0,0.0,0.0,0.0,0.0,0.0,0.0,0.0,0.0,0.0,0.0,0.0,0.0,0.0,0.0,0.0,0.0,0.0,0.0,0.0,0.0,0.0,0.0,0.0,0.0,0.0,0.0,0.0,0.0,0.0,0.0,0.0,0.0,0.0,0.0,0.0,0.0,0.0,0.0,0.0,0.0,0.0,0.0,0.0
2027-06-13,0.0,0.0,0.0,0.0,0.0,0.0,0.0,0.0,0.0,0.0,0.0,0.0,0.0,0.0,0.0,0.0,0.0,0.0,0.0,0.0,0.0,0.0,0.0,0.0,0.0,0.0,0.0,0.0,0.0,0.0,0.0,0.0,0.0,0.0,0.0,0.0,0.0,0.0,0.0,0.0,0.0,0.0,0.0,0.0,0.0,0.0
2027-06-14,1.0,1.0,1.0,5.0,3.0,4.0,5.0,4.0,3.0,1.0,1.0,1.0,1.0,1.0,1.0,5.0,4.0,3.0,1.0,1.0,1.0,5.0,4.0,3.0,3.0,2.0,4.0,1.0,1.0,1.0,1.0,1.0,1.0,1.0,1.0,6.0,3.0,3.0,4.0,1.0,1.0,1.0,3.0,4.0,6.0,4.0
2027-06-15,4.0,5.0,3.0,1.0,1.0,1.0,1.0,1.0,1.0,5.0,3.0,4.0,3.0,5.0,4.0,1.0,1.0,1.0,5.0,4.0,3.0,1.0,1.0,1.0,1.0,1.0,1.0,4.0,3.0,3.0,4.0,2.0,3.0,6.0,4.0,1.0,1.0,1.0,1.0,3.0,6.0,4.0,1.0,1.0,1.0,1.0
2027-06-16,5.0,3.0,4.0,3.0,4.0,5.0,3.0,5.0,4.0,4.0,5.0,3.0,5.0,4.0,3.0,3.0,5.0,4.0,3.0,5.0,4.0,3.0,5.0,4.0,2.0,4.0,3.0,2.0,4.0,2.0,2.0,3.0,4.0,3.0,6.0,4.0,4.0,6.0,3.0,4.0,3.0,6.0,6.0,3.0,4.0,6.0
2027-06-17,1.0,1.0,1.0,4.0,5.0,3.0,4.0,3.0,5.0,1.0,1.0,1.0,1.0,1.0,1.0,4.0,3.0,5.0,1.0,1.0,1.0,4.0,3.0,5.0,4.0,3.0,2.0,1.0,1.0,1.0,1.0,1.0,1.0,1.0,1.0,3.0,6.0,4.0,6.0,1.0,1.0,1.0,4.0,6.0,3.0,3.0
2027-06-18,3.0,4.0,5.0,1.0,1.0,1.0,1.0,1.0,1.0,3.0,4.0,5.0,4.0,3.0,5.0,1.0,1.0,1.0,4.0,3.0,5.0,1.0,1.0,1.0,1.0,1.0,1.0,3.0,2.0,4.0,3.0,4.0,6.0,4.0,3.0,1.0,1.0,1.0,1.0,6.0,4.0,3.0,1.0,1.0,1.0,1.0
2027-06-19,0.0,0.0,0.0,0.0,0.0,0.0,0.0,0.0,0.0,0.0,0.0,0.0,0.0,0.0,0.0,0.0,0.0,0.0,0.0,0.0,0.0,0.0,0.0,0.0,0.0,0.0,0.0,0.0,0.0,0.0,0.0,0.0,0.0,0.0,0.0,0.0,0.0,0.0,0.0,0.0,0.0,0.0,0.0,0.0,0.0,0.0
2027-06-20,0.0,0.0,0.0,0.0,0.0,0.0,0.0,0.0,0.0,0.0,0.0,0.0,0.0,0.0,0.0,0.0,0.0,0.0,0.0,0.0,0.0,0.0,0.0,0.0,0.0,0.0,0.0,0.0,0.0,0.0,0.0,0.0,0.0,0.0,0.0,0.0,0.0,0.0,0.0,0.0,0.0,0.0,0.0,0.0,0.0,0.0
2027-06-21,1.0,1.0,1.0,6.0,3.0,4.0,6.0,4.0,3.0,1.0,1.0,1.0,1.0,1.0,1.0,2.0,4.0,3.0,1.0,1.0,1.0,2.0,4.0,3.0,3.0,5.0,4.0,1.0,1.0,1.0,1.0,1.0,1.0,1.0,1.0,5.0,3.0,3.0,4.0,1.0,1.0,1.0,3.0,4.0,5.0,4.0
2027-06-22,4.0,6.0,3.0,1.0,1.0,1.0,1.0,1.0,1.0,6.0,3.0,4.0,3.0,2.0,4.0,1.0,1.0,1.0,2.0,4.0,3.0,1.0,1.0,1.0,1.0,1.0,1.0,4.0,3.0,3.0,4.0,5.0,3.0,5.0,4.0,1.0,1.0,1.0,1.0,3.0,5.0,4.0,1.0,1.0,1.0,1.0
2027-06-23,6.0,3.0,4.0,3.0,4.0,6.0,3.0,6.0,4.0,4.0,6.0,3.0,2.0,4.0,3.0,3.0,2.0,4.0,3.0,2.0,4.0,3.0,2.0,4.0,5.0,4.0,3.0,5.0,4.0,5.0,5.0,3.0,4.0,3.0,5.0,4.0,4.0,5.0,3.0,4.0,3.0,5.0,5.0,3.0,4.0,5.0
2027-06-24,1.0,1.0,1.0,4.0,6.0,3.0,4.0,3.0,6.0,1.0,1.0,1.0,1.0,1.0,1.0,4.0,3.0,2.0,1.0,1.0,1.0,4.0,3.0,2.0,4.0,3.0,5.0,1.0,1.0,1.0,1.0,1.0,1.0,1.0,1.0,3.0,5.0,4.0,5.0,1.0,1.0,1.0,4.0,5.0,3.0,3.0
2027-06-25,3.0,4.0,6.0,1.0,1.0,1.0,1.0,1.0,1.0,3.0,4.0,6.0,4.0,3.0,2.0,1.0,1.0,1.0,4.0,3.0,2.0,1.0,1.0,1.0,1.0,1.0,1.0,3.0,5.0,4.0,3.0,4.0,5.0,4.0,3.0,1.0,1.0,1.0,1.0,5.0,4.0,3.0,1.0,1.0,1.0,1.0
2027-06-26,0.0,0.0,0.0,0.0,0.0,0.0,0.0,0.0,0.0,0.0,0.0,0.0,0.0,0.0,0.0,0.0,0.0,0.0,0.0,0.0,0.0,0.0,0.0,0.0,0.0,0.0,0.0,0.0,0.0,0.0,0.0,0.0,0.0,0.0,0.0,0.0,0.0,0.0,0.0,0.0,0.0,0.0,0.0,0.0,0.0,0.0
2027-06-27,0.0,0.0,0.0,0.0,0.0,0.0,0.0,0.0,0.0,0.0,0.0,0.0,0.0,0.0,0.0,0.0,0.0,0.0,0.0,0.0,0.0,0.0,0.0,0.0,0.0,0.0,0.0,0.0,0.0,0.0,0.0,0.0,0.0,0.0,0.0,0.0,0.0,0.0,0.0,0.0,0.0,0.0,0.0,0.0,0.0,0.0
2027-06-28,1.0,1.0,1.0,5.0,3.0,4.0,5.0,4.0,3.0,1.0,1.0,1.0,1.0,1.0,1.0,5.0,4.0,3.0,1.0,1.0,1.0,5.0,4.0,3.0,3.0,6.0,4.0,1.0,1.0,1.0,1.0,1.0,1.0,1.0,1.0,2.0,3.0,3.0,4.0,1.0,1.0,1.0,3.0,4.0,2.0,4.0
2027-06-29,4.0,5.0,3.0,1.0,1.0,1.0,1.0,1.0,1.0,5.0,3.0,4.0,3.0,5.0,4.0,1.0,1.0,1.0,5.0,4.0,3.0,1.0,1.0,1.0,1.0,1.0,1.0,4.0,3.0,3.0,4.0,6.0,3.0,2.0,4.0,1.0,1.0,1.0,1.0,3.0,2.0,4.0,1.0,1.0,1.0,1.0
2027-06-30,5.0,3.0,4.0,3.0,4.0,5.0,3.0,5.0,4.0,4.0,5.0,3.0,5.0,4.0,3.0,3.0,5.0,4.0,3.0,5.0,4.0,3.0,5.0,4.0,6.0,4.0,3.0,6.0,4.0,6.0,6.0,3.0,4.0,3.0,2.0,4.0,4.0,2.0,3.0,4.0,3.0,2.0,2.0,3.0,4.0,2.0
2027-07-01,1.0,1.0,1.0,4.0,5.0,3.0,4.0,3.0,5.0,1.0,1.0,1.0,1.0,1.0,1.0,4.0,3.0,5.0,1.0,1.0,1.0,4.0,3.0,5.0,4.0,3.0,6.0,1.0,1.0,1.0,1.0,1.0,1.0,1.0,1.0,3.0,2.0,4.0,2.0,1.0,1.0,1.0,4.0,2.0,3.0,3.0
2027-07-02,3.0,4.0,5.0,1.0,1.0,1.0,1.0,1.0,1.0,3.0,4.0,5.0,4.0,3.0,5.0,1.0,1.0,1.0,4.0,3.0,5.0,1.0,1.0,1.0,1.0,1.0,1.0,3.0,6.0,4.0,3.0,4.0,2.0,4.0,3.0,1.0,1.0,1.0,1.0,2.0,4.0,3.0,1.0,1.0,1.0,1.0
2027-07-03,0.0,0.0,0.0,0.0,0.0,0.0,0.0,0.0,0.0,0.0,0.0,0.0,0.0,0.0,0.0,0.0,0.0,0.0,0.0,0.0,0.0,0.0,0.0,0.0,0.0,0.0,0.0,0.0,0.0,0.0,0.0,0.0,0.0,0.0,0.0,0.0,0.0,0.0,0.0,0.0,0.0,0.0,0.0,0.0,0.0,0.0
2027-07-04,0.0,0.0,0.0,0.0,0.0,0.0,0.0,0.0,0.0,0.0,0.0,0.0,0.0,0.0,0.0,0.0,0.0,0.0,0.0,0.0,0.0,0.0,0.0,0.0,0.0,0.0,0.0,0.0,0.0,0.0,0.0,0.0,0.0,0.0,0.0,0.0,0.0,0.0,0.0,0.0,0.0,0.0,0.0,0.0,0.0,0.0
2027-07-05,1.0,1.0,1.0,2.0,3.0,4.0,2.0,4.0,3.0,1.0,1.0,1.0,1.0,1.0,1.0,6.0,4.0,3.0,1.0,1.0,1.0,6.0,4.0,3.0,3.0,5.0,4.0,1.0,1.0,1.0,1.0,1.0,1.0,1.0,1.0,5.0,3.0,3.0,4.0,1.0,1.0,1.0,3.0,4.0,5.0,4.0
2027-07-06,4.0,2.0,3.0,1.0,1.0,1.0,1.0,1.0,1.0,2.0,3.0,4.0,3.0,6.0,4.0,1.0,1.0,1.0,6.0,4.0,3.0,1.0,1.0,1.0,1.0,1.0,1.0,4.0,3.0,3.0,4.0,5.0,3.0,5.0,4.0,1.0,1.0,1.0,1.0,3.0,5.0,4.0,1.0,1.0,1.0,1.0
2027-07-07,2.0,3.0,4.0,3.0,4.0,2.0,3.0,2.0,4.0,4.0,2.0,3.0,6.0,4.0,3.0,3.0,6.0,4.0,3.0,6.0,4.0,3.0,6.0,4.0,5.0,4.0,3.0,5.0,4.0,5.0,5.0,3.0,4.0,3.0,5.0,4.0,4.0,5.0,3.0,4.0,3.0,5.0,5.0,3.0,4.0,5.0
2027-07-08,1.0,1.0,1.0,4.0,2.0,3.0,4.0,3.0,2.0,1.0,1.0,1.0,1.0,1.0,1.0,4.0,3.0,6.0,1.0,1.0,1.0,4.0,3.0,6.0,4.0,3.0,5.0,1.0,1.0,1.0,1.0,1.0,1.0,1.0,1.0,3.0,5.0,4.0,5.0,1.0,1.0,1.0,4.0,5.0,3.0,3.0
2027-07-09,3.0,4.0,2.0,1.0,1.0,1.0,1.0,1.0,1.0,3.0,4.0,2.0,4.0,3.0,6.0,1.0,1.0,1.0,4.0,3.0,6.0,1.0,1.0,1.0,1.0,1.0,1.0,3.0,5.0,4.0,3.0,4.0,5.0,4.0,3.0,1.0,1.0,1.0,1.0,5.0,4.0,3.0,1.0,1.0,1.0,1.0
2027-07-10,0.0,0.0,0.0,0.0,0.0,0.0,0.0,0.0,0.0,0.0,0.0,0.0,0.0,0.0,0.0,0.0,0.0,0.0,0.0,0.0,0.0,0.0,0.0,0.0,0.0,0.0,0.0,0.0,0.0,0.0,0.0,0.0,0.0,0.0,0.0,0.0,0.0,0.0,0.0,0.0,0.0,0.0,0.0,0.0,0.0,0.0
2027-07-11,0.0,0.0,0.0,0.0,0.0,0.0,0.0,0.0,0.0,0.0,0.0,0.0,0.0,0.0,0.0,0.0,0.0,0.0,0.0,0.0,0.0,0.0,0.0,0.0,0.0,0.0,0.0,0.0,0.0,0.0,0.0,0.0,0.0,0.0,0.0,0.0,0.0,0.0,0.0,0.0,0.0,0.0,0.0,0.0,0.0,0.0
2027-07-12,1.0,1.0,1.0,5.0,3.0,4.0,5.0,4.0,3.0,1.0,1.0,1.0,1.0,1.0,1.0,5.0,4.0,3.0,1.0,1.0,1.0,5.0,4.0,3.0,3.0,2.0,4.0,1.0,1.0,1.0,1.0,1.0,1.0,1.0,1.0,6.0,3.0,3.0,4.0,1.0,1.0,1.0,3.0,4.0,6.0,4.0
2027-07-13,4.0,5.0,3.0,1.0,1.0,1.0,1.0,1.0,1.0,5.0,3.0,4.0,3.0,5.0,4.0,1.0,1.0,1.0,5.0,4.0,3.0,1.0,1.0,1.0,1.0,1.0,1.0,4.0,3.0,3.0,4.0,2.0,3.0,6.0,4.0,1.0,1.0,1.0,1.0,3.0,6.0,4.0,1.0,1.0,1.0,1.0
2027-07-14,5.0,3.0,4.0,3.0,4.0,5.0,3.0,5.0,4.0,4.0,5.0,3.0,5.0,4.0,3.0,3.0,5.0,4.0,3.0,5.0,4.0,3.0,5.0,4.0,2.0,4.0,3.0,2.0,4.0,2.0,2.0,3.0,4.0,3.0,6.0,4.0,4.0,6.0,3.0,4.0,3.0,6.0,6.0,3.0,4.0,6.0
2027-07-15,1.0,1.0,1.0,4.0,5.0,3.0,4.0,3.0,5.0,1.0,1.0,1.0,1.0,1.0,1.0,4.0,3.0,5.0,1.0,1.0,1.0,4.0,3.0,5.0,4.0,3.0,2.0,1.0,1.0,1.0,1.0,1.0,1.0,1.0,1.0,3.0,6.0,4.0,6.0,1.0,1.0,1.0,4.0,6.0,3.0,3.0
2027-07-16,3.0,4.0,5.0,1.0,1.0,1.0,1.0,1.0,1.0,3.0,4.0,5.0,4.0,3.0,5.0,1.0,1.0,1.0,4.0,3.0,5.0,1.0,1.0,1.0,1.0,1.0,1.0,3.0,2.0,4.0,3.0,4.0,6.0,4.0,3.0,1.0,1.0,1.0,1.0,6.0,4.0,3.0,1.0,1.0,1.0,1.0
2027-07-17,0.0,0.0,0.0,0.0,0.0,0.0,0.0,0.0,0.0,0.0,0.0,0.0,0.0,0.0,0.0,0.0,0.0,0.0,0.0,0.0,0.0,0.0,0.0,0.0,0.0,0.0,0.0,0.0,0.0,0.0,0.0,0.0,0.0,0.0,0.0,0.0,0.0,0.0,0.0,0.0,0.0,0.0,0.0,0.0,0.0,0.0
2027-07-18,0.0,0.0,0.0,0.0,0.0,0.0,0.0,0.0,0.0,0.0,0.0,0.0,0.0,0.0,0.0,0.0,0.0,0.0,0.0,0.0,0.0,0.0,0.0,0.0,0.0,0.0,0.0,0.0,0.0,0.0,0.0,0.0,0.0,0.0,0.0,0.0,0.0,0.0,0.0,0.0,0.0,0.0,0.0,0.0,0.0,0.0
2027-07-19,1.0,1.0,1.0,6.0,3.0,4.0,6.0,4.0,3.0,1.0,1.0,1.0,1.0,1.0,1.0,2.0,4.0,3.0,1.0,1.0,1.0,2.0,4.0,3.0,3.0,5.0,4.0,1.0,1.0,1.0,1.0,1.0,1.0,1.0,1.0,5.0,3.0,3.0,4.0,1.0,1.0,1.0,3.0,4.0,5.0,4.0
2027-07-20,4.0,6.0,3.0,1.0,1.0,1.0,1.0,1.0,1.0,6.0,3.0,4.0,3.0,2.0,4.0,1.0,1.0,1.0,2.0,4.0,3.0,1.0,1.0,1.0,1.0,1.0,1.0,4.0,3.0,3.0,4.0,5.0,3.0,5.0,4.0,1.0,1.0,1.0,1.0,3.0,5.0,4.0,1.0,1.0,1.0,1.0
2027-07-21,6.0,3.0,4.0,3.0,4.0,6.0,3.0,6.0,4.0,4.0,6.0,3.0,2.0,4.0,3.0,3.0,2.0,4.0,3.0,2.0,4.0,3.0,2.0,4.0,5.0,4.0,3.0,5.0,4.0,5.0,5.0,3.0,4.0,3.0,5.0,4.0,4.0,5.0,3.0,4.0,3.0,5.0,5.0,3.0,4.0,5.0
2027-07-22,1.0,1.0,1.0,4.0,6.0,3.0,4.0,3.0,6.0,1.0,1.0,1.0,1.0,1.0,1.0,4.0,3.0,2.0,1.0,1.0,1.0,4.0,3.0,2.0,4.0,3.0,5.0,1.0,1.0,1.0,1.0,1.0,1.0,1.0,1.0,3.0,5.0,4.0,5.0,1.0,1.0,1.0,4.0,5.0,3.0,3.0
2027-07-23,3.0,4.0,6.0,1.0,1.0,1.0,1.0,1.0,1.0,3.0,4.0,6.0,4.0,3.0,2.0,1.0,1.0,1.0,4.0,3.0,2.0,1.0,1.0,1.0,1.0,1.0,1.0,3.0,5.0,4.0,3.0,4.0,5.0,4.0,3.0,1.0,1.0,1.0,1.0,5.0,4.0,3.0,1.0,1.0,1.0,1.0
2027-07-24,0.0,0.0,0.0,0.0,0.0,0.0,0.0,0.0,0.0,0.0,0.0,0.0,0.0,0.0,0.0,0.0,0.0,0.0,0.0,0.0,0.0,0.0,0.0,0.0,0.0,0.0,0.0,0.0,0.0,0.0,0.0,0.0,0.0,0.0,0.0,0.0,0.0,0.0,0.0,0.0,0.0,0.0,0.0,0.0,0.0,0.0
2027-07-25,0.0,0.0,0.0,0.0,0.0,0.0,0.0,0.0,0.0,0.0,0.0,0.0,0.0,0.0,0.0,0.0,0.0,0.0,0.0,0.0,0.0,0.0,0.0,0.0,0.0,0.0,0.0,0.0,0.0,0.0,0.0,0.0,0.0,0.0,0.0,0.0,0.0,0.0,0.0,0.0,0.0,0.0,0.0,0.0,0.0,0.0
2027-07-26,1.0,1.0,1.0,5.0,3.0,4.0,5.0,4.0,3.0,1.0,1.0,1.0,1.0,1.0,1.0,5.0,4.0,3.0,1.0,1.0,1.0,5.0,4.0,3.0,3.0,6.0,4.0,1.0,1.0,1.0,1.0,1.0,1.0,1.0,1.0,2.0,3.0,3.0,4.0,1.0,1.0,1.0,3.0,4.0,2.0,4.0
2027-07-27,4.0,5.0,3.0,1.0,1.0,1.0,1.0,1.0,1.0,5.0,3.0,4.0,3.0,5.0,4.0,1.0,1.0,1.0,5.0,4.0,3.0,1.0,1.0,1.0,1.0,1.0,1.0,4.0,3.0,3.0,4.0,6.0,3.0,2.0,4.0,1.0,1.0,1.0,1.0,3.0,2.0,4.0,1.0,1.0,1.0,1.0
2027-07-28,5.0,3.0,4.0,3.0,4.0,5.0,3.0,5.0,4.0,4.0,5.0,3.0,5.0,4.0,3.0,3.0,5.0,4.0,3.0,5.0,4.0,3.0,5.0,4.0,6.0,4.0,3.0,6.0,4.0,6.0,6.0,3.0,4.0,3.0,2.0,4.0,4.0,2.0,3.0,4.0,3.0,2.0,2.0,3.0,4.0,2.0
2027-07-29,1.0,1.0,1.0,4.0,5.0,3.0,4.0,3.0,5.0,1.0,1.0,1.0,1.0,1.0,1.0,4.0,3.0,5.0,1.0,1.0,1.0,4.0,3.0,5.0,4.0,3.0,6.0,1.0,1.0,1.0,1.0,1.0,1.0,1.0,1.0,3.0,2.0,4.0,2.0,1.0,1.0,1.0,4.0,2.0,3.0,3.0
2027-07-30,3.0,4.0,5.0,1.0,1.0,1.0,1.0,1.0,1.0,3.0,4.0,5.0,4.0,3.0,5.0,1.0,1.0,1.0,4.0,3.0,5.0,1.0,1.0,1.0,1.0,1.0,1.0,3.0,6.0,4.0,3.0,4.0,2.0,4.0,3.0,1.0,1.0,1.0,1.0,2.0,4.0,3.0,1.0,1.0,1.0,1.0
2027-07-31,0.0,0.0,0.0,0.0,0.0,0.0,0.0,0.0,0.0,0.0,0.0,0.0,0.0,0.0,0.0,0.0,0.0,0.0,0.0,0.0,0.0,0.0,0.0,0.0,0.0,0.0,0.0,0.0,0.0,0.0,0.0,0.0,0.0,0.0,0.0,0.0,0.0,0.0,0.0,0.0,0.0,0.0,0.0,0.0,0.0,0.0
2027-08-01,0.0,0.0,0.0,0.0,0.0,0.0,0.0,0.0,0.0,0.0,0.0,0.0,0.0,0.0,0.0,0.0,0.0,0.0,0.0,0.0,0.0,0.0,0.0,0.0,0.0,0.0,0.0,0.0,0.0,0.0,0.0,0.0,0.0,0.0,0.0,0.0,0.0,0.0,0.0,0.0,0.0,0.0,0.0,0.0,0.0,0.0
2027-08-02,1.0,1.0,1.0,2.0,3.0,4.0,2.0,4.0,3.0,1.0,1.0,1.0,1.0,1.0,1.0,6.0,4.0,3.0,1.0,1.0,1.0,6.0,4.0,3.0,3.0,5.0,4.0,1.0,1.0,1.0,1.0,1.0,1.0,1.0,1.0,5.0,3.0,3.0,4.0,1.0,1.0,1.0,3.0,4.0,5.0,4.0
2027-08-03,4.0,2.0,3.0,1.0,1.0,1.0,1.0,1.0,1.0,2.0,3.0,4.0,3.0,6.0,4.0,1.0,1.0,1.0,6.0,4.0,3.0,1.0,1.0,1.0,1.0,1.0,1.0,4.0,3.0,3.0,4.0,5.0,3.0,5.0,4.0,1.0,1.0,1.0,1.0,3.0,5.0,4.0,1.0,1.0,1.0,1.0
2027-08-04,2.0,3.0,4.0,3.0,4.0,2.0,3.0,2.0,4.0,4.0,2.0,3.0,6.0,4.0,3.0,3.0,6.0,4.0,3.0,6.0,4.0,3.0,6.0,4.0,5.0,4.0,3.0,5.0,4.0,5.0,5.0,3.0,4.0,3.0,5.0,4.0,4.0,5.0,3.0,4.0,3.0,5.0,5.0,3.0,4.0,5.0
2027-08-05,1.0,1.0,1.0,4.0,2.0,3.0,4.0,3.0,2.0,1.0,1.0,1.0,1.0,1.0,1.0,4.0,3.0,6.0,1.0,1.0,1.0,4.0,3.0,6.0,4.0,3.0,5.0,1.0,1.0,1.0,1.0,1.0,1.0,1.0,1.0,3.0,5.0,4.0,5.0,1.0,1.0,1.0,4.0,5.0,3.0,3.0
2027-08-06,3.0,4.0,2.0,1.0,1.0,1.0,1.0,1.0,1.0,3.0,4.0,2.0,4.0,3.0,6.0,1.0,1.0,1.0,4.0,3.0,6.0,1.0,1.0,1.0,1.0,1.0,1.0,3.0,5.0,4.0,3.0,4.0,5.0,4.0,3.0,1.0,1.0,1.0,1.0,5.0,4.0,3.0,1.0,1.0,1.0,1.0
2027-08-07,0.0,0.0,0.0,0.0,0.0,0.0,0.0,0.0,0.0,0.0,0.0,0.0,0.0,0.0,0.0,0.0,0.0,0.0,0.0,0.0,0.0,0.0,0.0,0.0,0.0,0.0,0.0,0.0,0.0,0.0,0.0,0.0,0.0,0.0,0.0,0.0,0.0,0.0,0.0,0.0,0.0,0.0,0.0,0.0,0.0,0.0
2027-08-08,0.0,0.0,0.0,0.0,0.0,0.0,0.0,0.0,0.0,0.0,0.0,0.0,0.0,0.0,0.0,0.0,0.0,0.0,0.0,0.0,0.0,0.0,0.0,0.0,0.0,0.0,0.0,0.0,0.0,0.0,0.0,0.0,0.0,0.0,0.0,0.0,0.0,0.0,0.0,0.0,0.0,0.0,0.0,0.0,0.0,0.0
2027-08-09,1.0,1.0,1.0,5.0,3.0,4.0,5.0,4.0,3.0,1.0,1.0,1.0,1.0,1.0,1.0,5.0,4.0,3.0,1.0,1.0,1.0,5.0,4.0,3.0,3.0,2.0,4.0,1.0,1.0,1.0,1.0,1.0,1.0,1.0,1.0,6.0,3.0,3.0,4.0,1.0,1.0,1.0,3.0,4.0,6.0,4.0
2027-08-10,4.0,5.0,3.0,1.0,1.0,1.0,1.0,1.0,1.0,5.0,3.0,4.0,3.0,5.0,4.0,1.0,1.0,1.0,5.0,4.0,3.0,1.0,1.0,1.0,1.0,1.0,1.0,4.0,3.0,3.0,4.0,2.0,3.0,6.0,4.0,1.0,1.0,1.0,1.0,3.0,6.0,4.0,1.0,1.0,1.0,1.0
2027-08-11,5.0,3.0,4.0,3.0,4.0,5.0,3.0,5.0,4.0,4.0,5.0,3.0,5.0,4.0,3.0,3.0,5.0,4.0,3.0,5.0,4.0,3.0,5.0,4.0,2.0,4.0,3.0,2.0,4.0,2.0,2.0,3.0,4.0,3.0,6.0,4.0,4.0,6.0,3.0,4.0,3.0,6.0,6.0,3.0,4.0,6.0
2027-08-12,1.0,1.0,1.0,4.0,5.0,3.0,4.0,3.0,5.0,1.0,1.0,1.0,1.0,1.0,1.0,4.0,3.0,5.0,1.0,1.0,1.0,4.0,3.0,5.0,4.0,3.0,2.0,1.0,1.0,1.0,1.0,1.0,1.0,1.0,1.0,3.0,6.0,4.0,6.0,1.0,1.0,1.0,4.0,6.0,3.0,3.0
2027-08-13,3.0,4.0,5.0,1.0,1.0,1.0,1.0,1.0,1.0,3.0,4.0,5.0,4.0,3.0,5.0,1.0,1.0,1.0,4.0,3.0,5.0,1.0,1.0,1.0,1.0,1.0,1.0,3.0,2.0,4.0,3.0,4.0,6.0,4.0,3.0,1.0,1.0,1.0,1.0,6.0,4.0,3.0,1.0,1.0,1.0,1.0
2027-08-14,0.0,0.0,0.0,0.0,0.0,0.0,0.0,0.0,0.0,0.0,0.0,0.0,0.0,0.0,0.0,0.0,0.0,0.0,0.0,0.0,0.0,0.0,0.0,0.0,0.0,0.0,0.0,0.0,0.0,0.0,0.0,0.0,0.0,0.0,0.0,0.0,0.0,0.0,0.0,0.0,0.0,0.0,0.0,0.0,0.0,0.0
2027-08-15,0.0,0.0,0.0,0.0,0.0,0.0,0.0,0.0,0.0,0.0,0.0,0.0,0.0,0.0,0.0,0.0,0.0,0.0,0.0,0.0,0.0,0.0,0.0,0.0,0.0,0.0,0.0,0.0,0.0,0.0,0.0,0.0,0.0,0.0,0.0,0.0,0.0,0.0,0.0,0.0,0.0,0.0,0.0,0.0,0.0,0.0
2027-08-16,1.0,1.0,1.0,6.0,3.0,4.0,6.0,4.0,3.0,1.0,1.0,1.0,1.0,1.0,1.0,2.0,4.0,3.0,1.0,1.0,1.0,2.0,4.0,3.0,3.0,5.0,4.0,1.0,1.0,1.0,1.0,1.0,1.0,1.0,1.0,5.0,3.0,3.0,4.0,1.0,1.0,1.0,3.0,4.0,5.0,4.0
2027-08-17,4.0,6.0,3.0,1.0,1.0,1.0,1.0,1.0,1.0,6.0,3.0,4.0,3.0,2.0,4.0,1.0,1.0,1.0,2.0,4.0,3.0,1.0,1.0,1.0,1.0,1.0,1.0,4.0,3.0,3.0,4.0,5.0,3.0,5.0,4.0,1.0,1.0,1.0,1.0,3.0,5.0,4.0,1.0,1.0,1.0,1.0
2027-08-18,6.0,3.0,4.0,3.0,4.0,6.0,3.0,6.0,4.0,4.0,6.0,3.0,2.0,4.0,3.0,3.0,2.0,4.0,3.0,2.0,4.0,3.0,2.0,4.0,5.0,4.0,3.0,5.0,4.0,5.0,5.0,3.0,4.0,3.0,5.0,4.0,4.0,5.0,3.0,4.0,3.0,5.0,5.0,3.0,4.0,5.0
2027-08-19,1.0,1.0,1.0,4.0,6.0,3.0,4.0,3.0,6.0,1.0,1.0,1.0,1.0,1.0,1.0,4.0,3.0,2.0,1.0,1.0,1.0,4.0,3.0,2.0,4.0,3.0,5.0,1.0,1.0,1.0,1.0,1.0,1.0,1.0,1.0,3.0,5.0,4.0,5.0,1.0,1.0,1.0,4.0,5.0,3.0,3.0
2027-08-20,3.0,4.0,6.0,1.0,1.0,1.0,1.0,1.0,1.0,3.0,4.0,6.0,4.0,3.0,2.0,1.0,1.0,1.0,4.0,3.0,2.0,1.0,1.0,1.0,1.0,1.0,1.0,3.0,5.0,4.0,3.0,4.0,5.0,4.0,3.0,1.0,1.0,1.0,1.0,5.0,4.0,3.0,1.0,1.0,1.0,1.0
2027-08-21,0.0,0.0,0.0,0.0,0.0,0.0,0.0,0.0,0.0,0.0,0.0,0.0,0.0,0.0,0.0,0.0,0.0,0.0,0.0,0.0,0.0,0.0,0.0,0.0,0.0,0.0,0.0,0.0,0.0,0.0,0.0,0.0,0.0,0.0,0.0,0.0,0.0,0.0,0.0,0.0,0.0,0.0,0.0,0.0,0.0,0.0
2027-08-22,0.0,0.0,0.0,0.0,0.0,0.0,0.0,0.0,0.0,0.0,0.0,0.0,0.0,0.0,0.0,0.0,0.0,0.0,0.0,0.0,0.0,0.0,0.0,0.0,0.0,0.0,0.0,0.0,0.0,0.0,0.0,0.0,0.0,0.0,0.0,0.0,0.0,0.0,0.0,0.0,0.0,0.0,0.0,0.0,0.0,0.0
2027-08-23,1.0,1.0,1.0,5.0,3.0,4.0,5.0,4.0,3.0,1.0,1.0,1.0,1.0,1.0,1.0,5.0,4.0,3.0,1.0,1.0,1.0,5.0,4.0,3.0,3.0,6.0,4.0,1.0,1.0,1.0,1.0,1.0,1.0,1.0,1.0,2.0,3.0,3.0,4.0,1.0,1.0,1.0,3.0,4.0,2.0,4.0
2027-08-24,4.0,5.0,3.0,1.0,1.0,1.0,1.0,1.0,1.0,5.0,3.0,4.0,3.0,5.0,4.0,1.0,1.0,1.0,5.0,4.0,3.0,1.0,1.0,1.0,1.0,1.0,1.0,4.0,3.0,3.0,4.0,6.0,3.0,2.0,4.0,1.0,1.0,1.0,1.0,3.0,2.0,4.0,1.0,1.0,1.0,1.0
2027-08-25,5.0,3.0,4.0,3.0,4.0,5.0,3.0,5.0,4.0,4.0,5.0,3.0,5.0,4.0,3.0,3.0,5.0,4.0,3.0,5.0,4.0,3.0,5.0,4.0,6.0,4.0,3.0,6.0,4.0,6.0,6.0,3.0,4.0,3.0,2.0,4.0,4.0,2.0,3.0,4.0,3.0,2.0,2.0,3.0,4.0,2.0
2027-08-26,1.0,1.0,1.0,4.0,5.0,3.0,4.0,3.0,5.0,1.0,1.0,1.0,1.0,1.0,1.0,4.0,3.0,5.0,1.0,1.0,1.0,4.0,3.0,5.0,4.0,3.0,6.0,1.0,1.0,1.0,1.0,1.0,1.0,1.0,1.0,3.0,2.0,4.0,2.0,1.0,1.0,1.0,4.0,2.0,3.0,3.0
2027-08-27,3.0,4.0,5.0,1.0,1.0,1.0,1.0,1.0,1.0,3.0,4.0,5.0,4.0,3.0,5.0,1.0,1.0,1.0,4.0,3.0,5.0,1.0,1.0,1.0,1.0,1.0,1.0,3.0,6.0,4.0,3.0,4.0,2.0,4.0,3.0,1.0,1.0,1.0,1.0,2.0,4.0,3.0,1.0,1.0,1.0,1.0
2027-08-28,0.0,0.0,0.0,0.0,0.0,0.0,0.0,0.0,0.0,0.0,0.0,0.0,0.0,0.0,0.0,0.0,0.0,0.0,0.0,0.0,0.0,0.0,0.0,0.0,0.0,0.0,0.0,0.0,0.0,0.0,0.0,0.0,0.0,0.0,0.0,0.0,0.0,0.0,0.0,0.0,0.0,0.0,0.0,0.0,0.0,0.0
2027-08-29,0.0,0.0,0.0,0.0,0.0,0.0,0.0,0.0,0.0,0.0,0.0,0.0,0.0,0.0,0.0,0.0,0.0,0.0,0.0,0.0,0.0,0.0,0.0,0.0,0.0,0.0,0.0,0.0,0.0,0.0,0.0,0.0,0.0,0.0,0.0,0.0,0.0,0.0,0.0,0.0,0.0,0.0,0.0,0.0,0.0,0.0
2027-08-30,1.0,1.0,1.0,2.0,3.0,4.0,2.0,4.0,3.0,1.0,1.0,1.0,1.0,1.0,1.0,6.0,4.0,3.0,1.0,1.0,1.0,6.0,4.0,3.0,3.0,5.0,4.0,1.0,1.0,1.0,1.0,1.0,1.0,1.0,1.0,5.0,3.0,3.0,4.0,1.0,1.0,1.0,3.0,4.0,5.0,4.0
2027-08-31,4.0,2.0,3.0,1.0,1.0,1.0,1.0,1.0,1.0,2.0,3.0,4.0,3.0,6.0,4.0,1.0,1.0,1.0,6.0,4.0,3.0,1.0,1.0,1.0,1.0,1.0,1.0,4.0,3.0,3.0,4.0,5.0,3.0,5.0,4.0,1.0,1.0,1.0,1.0,3.0,5.0,4.0,1.0,1.0,1.0,1.0
2027-09-01,2.0,3.0,4.0,3.0,4.0,2.0,3.0,2.0,4.0,4.0,2.0,3.0,6.0,4.0,3.0,3.0,6.0,4.0,3.0,6.0,4.0,3.0,6.0,4.0,5.0,4.0,3.0,5.0,4.0,5.0,5.0,3.0,4.0,3.0,5.0,4.0,4.0,5.0,3.0,4.0,3.0,5.0,5.0,3.0,4.0,5.0
2027-09-02,1.0,1.0,1.0,4.0,2.0,3.0,4.0,3.0,2.0,1.0,1.0,1.0,1.0,1.0,1.0,4.0,3.0,6.0,1.0,1.0,1.0,4.0,3.0,6.0,4.0,3.0,5.0,1.0,1.0,1.0,1.0,1.0,1.0,1.0,1.0,3.0,5.0,4.0,5.0,1.0,1.0,1.0,4.0,5.0,3.0,3.0
2027-09-03,3.0,4.0,2.0,1.0,1.0,1.0,1.0,1.0,1.0,3.0,4.0,2.0,4.0,3.0,6.0,1.0,1.0,1.0,4.0,3.0,6.0,1.0,1.0,1.0,1.0,1.0,1.0,3.0,5.0,4.0,3.0,4.0,5.0,4.0,3.0,1.0,1.0,1.0,1.0,5.0,4.0,3.0,1.0,1.0,1.0,1.0
2027-09-04,0.0,0.0,0.0,0.0,0.0,0.0,0.0,0.0,0.0,0.0,0.0,0.0,0.0,0.0,0.0,0.0,0.0,0.0,0.0,0.0,0.0,0.0,0.0,0.0,0.0,0.0,0.0,0.0,0.0,0.0,0.0,0.0,0.0,0.0,0.0,0.0,0.0,0.0,0.0,0.0,0.0,0.0,0.0,0.0,0.0,0.0
2027-09-05,0.0,0.0,0.0,0.0,0.0,0.0,0.0,0.0,0.0,0.0,0.0,0.0,0.0,0.0,0.0,0.0,0.0,0.0,0.0,0.0,0.0,0.0,0.0,0.0,0.0,0.0,0.0,0.0,0.0,0.0,0.0,0.0,0.0,0.0,0.0,0.0,0.0,0.0,0.0,0.0,0.0,0.0,0.0,0.0,0.0,0.0
2027-09-06,1.0,1.0,1.0,5.0,3.0,4.0,5.0,4.0,3.0,1.0,1.0,1.0,1.0,1.0,1.0,5.0,4.0,3.0,1.0,1.0,1.0,5.0,4.0,3.0,3.0,2.0,4.0,1.0,1.0,1.0,1.0,1.0,1.0,1.0,1.0,6.0,3.0,3.0,4.0,1.0,1.0,1.0,3.0,4.0,6.0,4.0
2027-09-07,4.0,5.0,3.0,1.0,1.0,1.0,1.0,1.0,1.0,5.0,3.0,4.0,3.0,5.0,4.0,1.0,1.0,1.0,5.0,4.0,3.0,1.0,1.0,1.0,1.0,1.0,1.0,4.0,3.0,3.0,4.0,2.0,3.0,6.0,4.0,1.0,1.0,1.0,1.0,3.0,6.0,4.0,1.0,1.0,1.0,1.0
2027-09-08,5.0,3.0,4.0,3.0,4.0,5.0,3.0,5.0,4.0,4.0,5.0,3.0,5.0,4.0,3.0,3.0,5.0,4.0,3.0,5.0,4.0,3.0,5.0,4.0,2.0,4.0,3.0,2.0,4.0,2.0,2.0,3.0,4.0,3.0,6.0,4.0,4.0,6.0,3.0,4.0,3.0,6.0,6.0,3.0,4.0,6.0
2027-09-09,1.0,1.0,1.0,4.0,5.0,3.0,4.0,3.0,5.0,1.0,1.0,1.0,1.0,1.0,1.0,4.0,3.0,5.0,1.0,1.0,1.0,4.0,3.0,5.0,4.0,3.0,2.0,1.0,1.0,1.0,1.0,1.0,1.0,1.0,1.0,3.0,6.0,4.0,6.0,1.0,1.0,1.0,4.0,6.0,3.0,3.0
2027-09-10,3.0,4.0,5.0,1.0,1.0,1.0,1.0,1.0,1.0,3.0,4.0,5.0,4.0,3.0,5.0,1.0,1.0,1.0,4.0,3.0,5.0,1.0,1.0,1.0,1.0,1.0,1.0,3.0,2.0,4.0,3.0,4.0,6.0,4.0,3.0,1.0,1.0,1.0,1.0,6.0,4.0,3.0,1.0,1.0,1.0,1.0
2027-09-11,0.0,0.0,0.0,0.0,0.0,0.0,0.0,0.0,0.0,0.0,0.0,0.0,0.0,0.0,0.0,0.0,0.0,0.0,0.0,0.0,0.0,0.0,0.0,0.0,0.0,0.0,0.0,0.0,0.0,0.0,0.0,0.0,0.0,0.0,0.0,0.0,0.0,0.0,0.0,0.0,0.0,0.0,0.0,0.0,0.0,0.0
2027-09-12,0.0,0.0,0.0,0.0,0.0,0.0,0.0,0.0,0.0,0.0,0.0,0.0,0.0,0.0,0.0,0.0,0.0,0.0,0.0,0.0,0.0,0.0,0.0,0.0,0.0,0.0,0.0,0.0,0.0,0.0,0.0,0.0,0.0,0.0,0.0,0.0,0.0,0.0,0.0,0.0,0.0,0.0,0.0,0.0,0.0,0.0
2027-09-13,1.0,1.0,1.0,6.0,3.0,4.0,6.0,4.0,3.0,1.0,1.0,1.0,1.0,1.0,1.0,2.0,4.0,3.0,1.0,1.0,1.0,2.0,4.0,3.0,3.0,5.0,4.0,1.0,1.0,1.0,1.0,1.0,1.0,1.0,1.0,5.0,3.0,3.0,4.0,1.0,1.0,1.0,3.0,4.0,5.0,4.0
2027-09-14,4.0,6.0,3.0,1.0,1.0,1.0,1.0,1.0,1.0,6.0,3.0,4.0,3.0,2.0,4.0,1.0,1.0,1.0,2.0,4.0,3.0,1.0,1.0,1.0,1.0,1.0,1.0,4.0,3.0,3.0,4.0,5.0,3.0,5.0,4.0,1.0,1.0,1.0,1.0,3.0,5.0,4.0,1.0,1.0,1.0,1.0
2027-09-15,6.0,3.0,4.0,3.0,4.0,6.0,3.0,6.0,4.0,4.0,6.0,3.0,2.0,4.0,3.0,3.0,2.0,4.0,3.0,2.0,4.0,3.0,2.0,4.0,5.0,4.0,3.0,5.0,4.0,5.0,5.0,3.0,4.0,3.0,5.0,4.0,4.0,5.0,3.0,4.0,3.0,5.0,5.0,3.0,4.0,5.0
2027-09-16,1.0,1.0,1.0,4.0,6.0,3.0,4.0,3.0,6.0,1.0,1.0,1.0,1.0,1.0,1.0,4.0,3.0,2.0,1.0,1.0,1.0,4.0,3.0,2.0,4.0,3.0,5.0,1.0,1.0,1.0,1.0,1.0,1.0,1.0,1.0,3.0,5.0,4.0,5.0,1.0,1.0,1.0,4.0,5.0,3.0,3.0
2027-09-17,3.0,4.0,6.0,1.0,1.0,1.0,1.0,1.0,1.0,3.0,4.0,6.0,4.0,3.0,2.0,1.0,1.0,1.0,4.0,3.0,2.0,1.0,1.0,1.0,1.0,1.0,1.0,3.0,5.0,4.0,3.0,4.0,5.0,4.0,3.0,1.0,1.0,1.0,1.0,5.0,4.0,3.0,1.0,1.0,1.0,1.0
2027-09-18,0.0,0.0,0.0,0.0,0.0,0.0,0.0,0.0,0.0,0.0,0.0,0.0,0.0,0.0,0.0,0.0,0.0,0.0,0.0,0.0,0.0,0.0,0.0,0.0,0.0,0.0,0.0,0.0,0.0,0.0,0.0,0.0,0.0,0.0,0.0,0.0,0.0,0.0,0.0,0.0,0.0,0.0,0.0,0.0,0.0,0.0
2027-09-19,0.0,0.0,0.0,0.0,0.0,0.0,0.0,0.0,0.0,0.0,0.0,0.0,0.0,0.0,0.0,0.0,0.0,0.0,0.0,0.0,0.0,0.0,0.0,0.0,0.0,0.0,0.0,0.0,0.0,0.0,0.0,0.0,0.0,0.0,0.0,0.0,0.0,0.0,0.0,0.0,0.0,0.0,0.0,0.0,0.0,0.0
2027-09-20,1.0,1.0,1.0,5.0,3.0,4.0,5.0,4.0,3.0,1.0,1.0,1.0,1.0,1.0,1.0,5.0,4.0,3.0,1.0,1.0,1.0,5.0,4.0,3.0,3.0,6.0,4.0,1.0,1.0,1.0,1.0,1.0,1.0,1.0,1.0,2.0,3.0,3.0,4.0,1.0,1.0,1.0,3.0,4.0,2.0,4.0
2027-09-21,4.0,5.0,3.0,1.0,1.0,1.0,1.0,1.0,1.0,5.0,3.0,4.0,3.0,5.0,4.0,1.0,1.0,1.0,5.0,4.0,3.0,1.0,1.0,1.0,1.0,1.0,1.0,4.0,3.0,3.0,4.0,6.0,3.0,2.0,4.0,1.0,1.0,1.0,1.0,3.0,2.0,4.0,1.0,1.0,1.0,1.0
2027-09-22,5.0,3.0,4.0,3.0,4.0,5.0,3.0,5.0,4.0,4.0,5.0,3.0,5.0,4.0,3.0,3.0,5.0,4.0,3.0,5.0,4.0,3.0,5.0,4.0,6.0,4.0,3.0,6.0,4.0,6.0,6.0,3.0,4.0,3.0,2.0,4.0,4.0,2.0,3.0,4.0,3.0,2.0,2.0,3.0,4.0,2.0
2027-09-23,1.0,1.0,1.0,4.0,5.0,3.0,4.0,3.0,5.0,1.0,1.0,1.0,1.0,1.0,1.0,4.0,3.0,5.0,1.0,1.0,1.0,4.0,3.0,5.0,4.0,3.0,6.0,1.0,1.0,1.0,1.0,1.0,1.0,1.0,1.0,3.0,2.0,4.0,2.0,1.0,1.0,1.0,4.0,2.0,3.0,3.0
2027-09-24,3.0,4.0,5.0,1.0,1.0,1.0,1.0,1.0,1.0,3.0,4.0,5.0,4.0,3.0,5.0,1.0,1.0,1.0,4.0,3.0,5.0,1.0,1.0,1.0,1.0,1.0,1.0,3.0,6.0,4.0,3.0,4.0,2.0,4.0,3.0,1.0,1.0,1.0,1.0,2.0,4.0,3.0,1.0,1.0,1.0,1.0
2027-09-25,0.0,0.0,0.0,0.0,0.0,0.0,0.0,0.0,0.0,0.0,0.0,0.0,0.0,0.0,0.0,0.0,0.0,0.0,0.0,0.0,0.0,0.0,0.0,0.0,0.0,0.0,0.0,0.0,0.0,0.0,0.0,0.0,0.0,0.0,0.0,0.0,0.0,0.0,0.0,0.0,0.0,0.0,0.0,0.0,0.0,0.0
2027-09-26,0.0,0.0,0.0,0.0,0.0,0.0,0.0,0.0,0.0,0.0,0.0,0.0,0.0,0.0,0.0,0.0,0.0,0.0,0.0,0.0,0.0,0.0,0.0,0.0,0.0,0.0,0.0,0.0,0.0,0.0,0.0,0.0,0.0,0.0,0.0,0.0,0.0,0.0,0.0,0.0,0.0,0.0,0.0,0.0,0.0,0.0
2027-09-27,1.0,1.0,1.0,2.0,3.0,4.0,2.0,4.0,3.0,1.0,1.0,1.0,1.0,1.0,1.0,6.0,4.0,3.0,1.0,1.0,1.0,6.0,4.0,3.0,3.0,5.0,4.0,1.0,1.0,1.0,1.0,1.0,1.0,1.0,1.0,5.0,3.0,3.0,4.0,1.0,1.0,1.0,3.0,4.0,5.0,4.0
2027-09-28,4.0,2.0,3.0,1.0,1.0,1.0,1.0,1.0,1.0,2.0,3.0,4.0,3.0,6.0,4.0,1.0,1.0,1.0,6.0,4.0,3.0,1.0,1.0,1.0,1.0,1.0,1.0,4.0,3.0,3.0,4.0,5.0,3.0,5.0,4.0,1.0,1.0,1.0,1.0,3.0,5.0,4.0,1.0,1.0,1.0,1.0
2027-09-29,2.0,3.0,4.0,3.0,4.0,2.0,3.0,2.0,4.0,4.0,2.0,3.0,6.0,4.0,3.0,3.0,6.0,4.0,3.0,6.0,4.0,3.0,6.0,4.0,5.0,4.0,3.0,5.0,4.0,5.0,5.0,3.0,4.0,3.0,5.0,4.0,4.0,5.0,3.0,4.0,3.0,5.0,5.0,3.0,4.0,5.0
2027-09-30,1.0,1.0,1.0,4.0,2.0,3.0,4.0,3.0,2.0,1.0,1.0,1.0,1.0,1.0,1.0,4.0,3.0,6.0,1.0,1.0,1.0,4.0,3.0,6.0,4.0,3.0,5.0,1.0,1.0,1.0,1.0,1.0,1.0,1.0,1.0,3.0,5.0,4.0,5.0,1.0,1.0,1.0,4.0,5.0,3.0,3.0
